institution_id,name_sr,name_en,institution_type_sr,institution_type_en,active_from,active_to,historical_name_sr,current_name_sr,wikidata,official_url,source_id,evidence_page_pdf,evidence_note,verification_status,note
I001,Народни музеј Чачак,National Museum Čačak,музеј,museum,1952,,,Народни музеј Чачак,https://www.wikidata.org/entity/Q16761275,https://www.cacakmuzej.org.rs,conference_paper-2024-ephemeral-spectacle-and-princely-visits-of-prince-mihailo-obrenovic-to,11,Наведен као институционална афилијација аутора; музеј чува и објављује грађу релевантну за пилот-корпус.,verified_authority,Датум оснивања и званична адреса проверени преко Wikidata записа.
I002,Уметничка галерија „Надежда Петровић”,Nadežda Petrović Art Gallery,уметничка галерија,art gallery,1961,,,Уметничка галерија „Надежда Петровић”,https://www.wikidata.org/entity/Q85999972,https://nadezdapetrovic.rs/,book-2025-usklici-iskrenog-odusevljenja,40,Појављује се као издавач релевантне публикације у научном апарату монографије.,source_verified_contextual,"У пилот-корпусу веза је контекстуална, али је установа задржана због значаја за шири истраживачки опус."
I003,Народни музеј Краљево,National Museum Kraljevo,музеј,museum,1950,,,Народни музеј Краљево,https://www.wikidata.org/entity/Q25460950,https://nmkv.rs/,conference_paper-2023-rulers-and-towns-the-press-on-the-visits-of-the-obrenovic-and-karadjor,3,Наведен као издавач и институционални оквир зборника у коме је објављен пилот-рад.,verified_authority,
I004,Српска православна црква,Serbian Orthodox Church,верска заједница,religious organization,1219,,,Српска православна црква,https://www.wikidata.org/entity/Q188814,http://www.spc.rs,article-2016-the-cult-of-saints-places-of-remembrance-and-political-myths-example-o,10,Анализирана као институционални оквир сакралног памћења и националних пантеона.,verified_authority,
I005,Манастир Вујан,Vujan Monastery,манастир,monastery,,,,Манастир Вујан,https://www.wikidata.org/entity/Q3320353,,article-2016-the-cult-of-saints-places-of-remembrance-and-political-myths-example-o,9,Централна верска и меморијална институција рада о култу светитеља и политичким митовима.,verified_authority,"Почетак деловања није нормализован јер рад разликује средњовековно порекло, обнову 1805. и каснији институционални континуитет."
I006,Манастир Студеница,Studenica Monastery,манастир,monastery,1186,,,Манастир Студеница,https://www.wikidata.org/entity/Q143042,https://manastirstudenica.rs/,book-2025-usklici-iskrenog-odusevljenja,92,Посећен током владарског путовања и тумачен као важно место сакралне и династичке репрезентације.,verified_authority,
I007,Манастир Жича,Žiča Monastery,манастир,monastery,1208,,,Манастир Жича,https://www.wikidata.org/entity/Q1283823,http://www.zica.org.rs,book-2025-usklici-iskrenog-odusevljenja,104,Укључен у програм путовања као крунидбено и архиепископско средиште.,verified_authority,
I008,Манастир Враћевшница,Vraćevšnica Monastery,манастир,monastery,1428,,,Манастир Враћевшница,https://www.wikidata.org/entity/Q1563182,,book-2025-usklici-iskrenog-odusevljenja,152,Посећен током путовања 1901. и повезан са династичком и породичном меморијом.,verified_authority,
I009,Црква Вазнесења Господњег у Чачку,Church of the Ascension in Čačak,парохијска и саборна црква,parish and cathedral church,,,,Црква Вазнесења Господњег у Чачку,https://www.wikidata.org/entity/Q12761041,,article-2025-ritual-and-politics-the-register-of-godparenthood-of-king-alexander-i,1,"У њеној ризници чува се „Књига кумства”, основни извор пилот-рада.",verified_authority,У различитим деловима публикације јављају се облици „Вазнесења Христовог” и „Вазнесења Господњег”; нормализован је назив са Wikidata ставке.
I010,Народна скупштина Краљевине Србије,National Assembly of the Kingdom of Serbia,законодавно тело,legislative body,1882,1918,,,https://www.wikidata.org/entity/Q31181734,,book-2025-usklici-iskrenog-odusevljenja,29,Помиње се у опису уставног и политичког оквира путовања 1901. године.,verified_authority,"Хронолошке границе односе се на институцију под називом Краљевине Србије, не на целокупну историју српске скупштине."
I011,Сенат Краљевине Србије,Senate of the Kingdom of Serbia,горњи дом парламента,upper house of parliament,1901,1903,,,https://www.wikidata.org/entity/Q12758772,,book-2025-usklici-iskrenog-odusevljenja,29,Помиње се као део дводомног система уведеног Уставом из 1901. године.,verified_authority,
I012,Министарски савет Краљевине Србије,Council of Ministers of the Kingdom of Serbia,влада,government,1882,1918,Влада Краљевине Србије,,https://www.wikidata.org/entity/Q25462482,,book-2025-usklici-iskrenog-odusevljenja,29,Политички и организациони оквир владарског путовања; у тексту се најчешће означава као Влада.,verified_authority,
I013,Општина Чачак,Municipality of Čačak,локална управа,local government body,,,Општина Чачак; Општина чачанска,Град Чачак,,,book-2025-usklici-iskrenog-odusevljenja,119,Организовала је банкет и учествовала у церемонијалном дочеку владарског пара.,source_verified_no_external_id,Обједињава савремени и историјски назив локалне управе у једном нормативном запису.
I014,Ратарска школа у Краљеву,School of Agriculture in Kraljevo,стручна школа,vocational school,,,Ратарска школа,Пољопривредно-хемијска школа „Др Ђорђе Радић” Краљево,,https://www.ratarica.edu.rs/,book-2025-usklici-iskrenog-odusevljenja,84,Школа и њена зграда били су једна од главних тачака дочека у Краљеву.,source_verified_successor_pending,"Савремена школа има Wikidata Q65199196, али институционални континуитет са историјском Ратарском школом треба посебно документовати пре постављања sameAs везе."
I015,19. артиљеријски пук у Чачку,19th Artillery Regiment in Čačak,војна јединица,military unit,,,19. артиљеријски пук,,,,conference_paper-2016-battle-of-ljubic-in-official-representative-culture-of-cacak-in-the-19,8,Пук је пре Другог светског рата обележавао погибију свог патрона Танаска Рајића као славу.,source_verified_no_external_id,Назив је нормализован из OCR-а скениране публикације; потребна је додатна архивска провера пуног службеног назива и периода деловања.
I016,Народни музеј Србије,National Museum of Serbia,музеј,museum,1844,,Народни музеј у Београду,Народни музеј Србије,https://www.wikidata.org/entity/Q1277393,https://www.narodnimuzej.rs/,article-2026-heroization-of-the-painter-nadezda-petrovic-1915-1941,13,Чува рукописну грађу Надежде и Растка Петровића и учествује у музејској валоризацији њеног дела.,verified_authority,
I017,Етнографски музеј у Београду,Ethnographic Museum in Belgrade,музеј,museum,1901,,,Етнографски музеј у Београду,https://www.wikidata.org/entity/Q1291533,https://etnografskimuzej.rs/,article-2026-heroization-of-the-painter-nadezda-petrovic-1915-1941,8,Његова архива и етнографска збирка Надежде Петровић користе се у реконструкцији јавног и националног рада.,verified_authority,
I018,Међуопштински историјски архив Чачак,Intermunicipal Historical Archives of Čačak,архив,archive,1948,,Историјски архив Чачак,Међуопштински историјски архив Чачак,,https://arhivcacak.org.rs/,book-2025-nadezda-petrovic-life-art-service-nation,47,Архивска грађа установе коришћена је за породични и локални контекст Надежде Петровић.,source_verified_authority_pending,
I019,Коло српских сестара,Circle of Serbian Sisters,хуманитарно и патриотско удружење,humanitarian and patriotic association,1903,,,Коло српских сестара,https://www.wikidata.org/entity/Q5121486,,book-2025-nadezda-petrovic-life-art-service-nation,81,Надежда Петровић и Делфа Иванић учествовале су у оснивању и раду удружења.,verified_authority,
I020,Народна одбрана,Narodna Odbrana,патриотско удружење,patriotic association,1908,,,,https://www.wikidata.org/entity/Q1276907,,book-2025-nadezda-petrovic-life-art-service-nation,166,Организација је важан оквир националног ангажмана Надежде Петровић после 1908.,verified_authority,
I021,Удружење пријатеља уметности „Цвијета Зузорић”,Cvijeta Zuzorić Association of Friends of Art,уметничко удружење,art association,1922,,Удружење пријатеља уметности „Цвијета Зузорић”,,,,article-2026-heroization-of-the-painter-nadezda-petrovic-1915-1941,19,Организовало је посмртну изложбу Надежде Петровић и допринело њеној уметничкој канонизацији.,source_verified_no_external_id,
I022,Југословенска уметничка колонија,Yugoslav Art Colony,уметничка група,art group,1905,1907,,,,,article-2026-jugoslovensko-opredeljenje-nadezde-petrovic-kultura-modernizam-konstrukcija-identiteta,9,Један од кључних организационих облика југословенског културног програма Надежде Петровић и њених сарадника.,source_verified_no_external_id,
I023,Одбор за организацију уметничких послова Србије и југословенства,Committee for the Organization of Artistic Affairs of Serbia and Yugoslavism,уметнички и културни одбор,art and cultural committee,1913,1913,,,,,article-2026-jugoslovensko-opredeljenje-nadezde-petrovic-kultura-modernizam-konstrukcija-identiteta,1,Наведен као важна институционална тачка позног југословенског програма Надежде Петровић.,source_verified_no_external_id,Назив је нормализован према формулацији у раду.
I024,Српски Црвени крст,Serbian Red Cross,хуманитарна организација,humanitarian organization,1876,,Друштво Црвеног крста Србије,Црвени крст Србије,https://www.wikidata.org/entity/Q20011251,https://www.redcross.org.rs/,book-2025-nadezda-petrovic-life-art-service-nation,169,Институционални оквир болничарског и хуманитарног деловања Надежде Петровић.,verified_authority,
I025,ЈП Службени гласник,Official Gazette Publishing Company,издавач,publisher,1992,,,ЈП Службени гласник,,https://www.slglasnik.com/,book-2025-nadezda-petrovic-life-art-service-nation,3,Издавач монографије о Надежди Петровић из 2025. године.,source_verified_authority_pending,
I026,Институт за новију историју Србије,Institute for Recent History of Serbia,научни институт,research institute,1958,,Институт за савремену историју,Институт за новију историју Србије,,https://inis.bg.ac.rs/,article-2026-heroization-of-the-painter-nadezda-petrovic-1915-1941,1,Издавач часописа Токови историје у коме је објављен рад о хероизацији Надежде Петровић.,source_verified_authority_pending,Wikidata претрага враћа две ставке истог назива; идентификатор није постављен без додатне проверe.
I027,Предузеће „Слобода – Чачак”,Sloboda – Čačak Enterprise,предузеће војне индустрије,defence-industry enterprise,1948,,Слобода – Чачак,Слобода Чачак а.д.,,,conference_paper-2025-osnivanje-rad-preduzeca-sloboda-cacak-1948-1958,PDF 23,Публикација наводи да је предузеће званично основано 10. јула 1948.,source_verified,Спољни ауторитетски идентификатор није унет без независне провере.
I028,Хидроелектрана „Овчар Бања”,Ovčar Banja Hydroelectric Power Plant,хидроелектрана,hydroelectric power plant,1954,,ХЕ Овчар Бања,ХЕ Овчар Бања,,,conference_paper-2024-elektrifikacija-srbije-posle-1945-hidroelektrane-ovcarsko-kablarska-klisura,PDF 31,Рад обрађује изградњу и пуштање у рад хидроелектране.,source_verified,Ауторитетска допуна остаје одвојен задатак.
I029,Хидроелектрана „Међувршје”,Međuvršje Hydroelectric Power Plant,хидроелектрана,hydroelectric power plant,1955,,ХЕ Међувршје,ХЕ Међувршје,,,conference_paper-2024-elektrifikacija-srbije-posle-1945-hidroelektrane-ovcarsko-kablarska-klisura,PDF 31,Рад обрађује изградњу и почетак рада хидроелектране.,source_verified,Година означава пуштање првог генератора у рад.
I030,Технички ремонтни завод Чачак,Technical Overhaul Institute Čačak,војно ремонтно предузеће,military maintenance enterprise,1953,,Технички ремонтни завод – Чачак,Технички ремонтни завод Чачак,,,article-2010-industrijalizacija-cacka-1944-1956,PDF 17,"У раду је наведен међу кључним новим индустријским погонима, са годином оснивања 1953.",source_verified,Спољни ауторитетски идентификатор није претпостављен.
I031,Конак господара Јована Обреновића,Residence of Master Jovan Obrenović,историјска грађевина и музејски простор,historic residence and museum venue,,,,Конак господара Јована Обреновића,,,article-2024-permanent-museum-exhibition-uprisings-and-wars-1804-1941-in-the-reside,1,Место сталне поставке „Устанци и ратови 1804–1941”.,source_verified,Спољни ауторитетски идентификатор није унет без посебне провере.
I032,Историјско одељење Народног музеја Чачак,History Department of the National Museum Čačak,музејско одељење,museum department,,,,Историјско одељење Народног музеја Чачак,,,article-2016-history-department-of-the-national-museum-in-cacak-development-and-str,8–19,Основни предмет рада о баштињењу и структури сталне поставке.,source_verified,Спољни ауторитетски идентификатор није унет без посебне провере.
I033,Манастир Благовештење,Blagoveštenje Monastery,манастир,monastery,,,,Манастир Благовештење,,,book-2012-ok-manastiri,15–18,Један од манастира Овчарско-кабларске клисуре обрађених у монографији.,source_verified,Спољни ауторитетски идентификатор није унет без посебне провере.
I034,Манастир Никоље,Nikolje Monastery,манастир,monastery,,,,Манастир Никоље,,,book-2012-ok-manastiri,15–18,Један од манастира Овчарско-кабларске клисуре обрађених у монографији.,source_verified,Спољни ауторитетски идентификатор није унет без посебне провере.
I035,Манастир Сретење,Sretenje Monastery,манастир,monastery,,,,Манастир Сретење,,,book-2012-ok-manastiri,15–18,Један од манастира Овчарско-кабларске клисуре обрађених у монографији.,source_verified,Спољни ауторитетски идентификатор није унет без посебне провере.
I036,Манастир Света Тројица,Holy Trinity Monastery,манастир,monastery,,,,Манастир Света Тројица,,,book-2012-ok-manastiri,15–18,Један од манастира Овчарско-кабларске клисуре обрађених у монографији.,source_verified,Спољни ауторитетски идентификатор није унет без посебне провере.
I037,Манастир Преображење,Preobraženje Monastery,манастир,monastery,,,,Манастир Преображење,,,book-2012-ok-manastiri,17–18,Један од манастира Овчарско-кабларске клисуре обрађених у монографији.,source_verified,Спољни ауторитетски идентификатор није унет без посебне провере.
I038,Манастир Ваведење,Vavedenje Monastery,манастир,monastery,,,,Манастир Ваведење,,,book-2012-ok-manastiri,17–18,Један од манастира Овчарско-кабларске клисуре обрађених у монографији.,source_verified,Спољни ауторитетски идентификатор није унет без посебне провере.
I039,Манастир Вазнесење,Vaznesenje Monastery,манастир,monastery,,,,Манастир Вазнесење,,,book-2012-ok-manastiri,17–18,Један од манастира Овчарско-кабларске клисуре обрађених у монографији.,source_verified,Спољни ауторитетски идентификатор није унет без посебне провере.
I040,Манастир Успење,Uspenje Monastery,манастир,monastery,,,,Манастир Успење,,,book-2012-ok-manastiri,17–18,Један од манастира Овчарско-кабларске клисуре обрађених у монографији.,source_verified,Спољни ауторитетски идентификатор није унет без посебне провере.
I041,Манастир Јовање,Jovanje Monastery,манастир,monastery,,,,Манастир Јовање,,,book-2012-ok-manastiri,17–18,Један од манастира Овчарско-кабларске клисуре обрађених у монографији.,source_verified,Спољни ауторитетски идентификатор није унет без посебне провере.
I042,Манастир Илиње,Ilinje Monastery,манастирски комплекс,monastic complex,,,,Манастир Илиње,,,book-2012-ok-manastiri,17–18,Сакрални комплекс у Овчарско-кабларској клисури обрађен у монографији.,source_verified,Спољни ауторитетски идентификатор није унет без посебне провере.
I043,Црква Савиње,Savinje Church,црква,church,,,,Црква Савиње,,,book-2012-ok-manastiri,17–18,Сакрални локалитет у Овчарско-кабларској клисури обрађен у монографији.,source_verified,Спољни ауторитетски идентификатор није унет без посебне провере.
I044,Државни архив Србије,State Archives of Serbia,државни архив,state archive,,,,Државни архив Србије,,,article-2024-permanent-museum-exhibition-uprisings-and-wars-1804-1941-in-the-reside,3–4,Установа која чува Збирку Мите Петровића и документа коришћена у поставци.,source_verified,Спољни ауторитетски идентификатор није унет без посебне провере.
I045,Жичка епархија,Eparchy of Žiča,епархија Српске православне цркве,eparchy of the Serbian Orthodox Church,,,,Жичка епархија,,,conference_paper-2022-interwar-attitudes-bishop-nikolaj-velimirovic-communists,PDF 9–17,Основни институционални оквир деловања епископа Николаја и анализиране црквене штампе.,source_verified_no_external_id,Спољни ауторитетски идентификатор није унет без засебне нормативне провере.
I046,Манастир Стјеник,Stjenik Monastery,манастир,monastery,,,,Манастир Стјеник,,,article-2008-monastery-of-stjenik-at-the-foot-of-jelica-mountain-real-and-invented,PDF 1–4,Главни предмет рада о стварној и измишљеној традицији.,source_verified_no_external_id,Спољни ауторитетски идентификатор није унет без засебне нормативне провере.
I047,Црква Светог Николе у Јежевици,Church of Saint Nicholas in Ježevica,црква,church,,,,Црква Светог Николе у Јежевици,,,article-2008-monastery-of-stjenik-at-the-foot-of-jelica-mountain-real-and-invented,PDF 6–12,Обрађена у вези са локалним предањима и преношењем традиција на Стјеник.,source_verified_no_external_id,Спољни ауторитетски идентификатор није унет без засебне нормативне провере.
I048,Православна народна хришћанска заједница,Orthodox Popular Christian Community,верски покрет и удружење,religious movement and association,,,,Православна народна хришћанска заједница,,,conference_paper-2022-interwar-attitudes-bishop-nikolaj-velimirovic-communists,PDF 17–20,Организациони оквир богомољачког покрета повезаног са епископом Николајем.,source_verified_no_external_id,Спољни ауторитетски идентификатор није унет без засебне нормативне провере.
I049,Југословенски народни покрет Збор,Yugoslav National Movement Zbor,политички покрет,political movement,,,,Југословенски народни покрет Збор,,,conference_paper-2022-interwar-attitudes-bishop-nikolaj-velimirovic-communists,PDF 10–17,"Обрађен у анализи односа Николаја Велимировића, Димитрија Љотића и антикомунизма.",source_verified_no_external_id,Спољни ауторитетски идентификатор није унет без засебне нормативне провере.
I050,Комунистичка партија Југославије,Communist Party of Yugoslavia,политичка партија,political party,,,,Комунистичка партија Југославије,,,book-2009-a-century-of-doubt-religious-life-in-the-cacak-district-1886-2008,PDF 136–146,"Обрађена у контексту атеизације, рата и социјалистичке политике према религији.",source_verified_no_external_id,Спољни ауторитетски идентификатор није унет без засебне нормативне провере.
I051,Легенда К.Д.,Legenda K.D.,издавач,publisher,,,,Легенда К.Д.,,,book-2009-a-century-of-doubt-religious-life-in-the-cacak-district-1886-2008,PDF 2–3,Саиздавач монографије „Век сумње”.,source_verified_no_external_id,Спољни ауторитетски идентификатор није унет без засебне нормативне провере.
I052,Балканолошки институт САНУ,Institute for Balkan Studies SASA,научни институт,research institute,,,,Балканолошки институт САНУ,,,conference_paper-2022-interwar-attitudes-bishop-nikolaj-velimirovic-communists,PDF 3,Саиздавач зборника у коме је објављен рад.,source_verified_no_external_id,Спољни ауторитетски идентификатор није унет без засебне нормативне провере.
I053,St. Sebastian Press,St. Sebastian Press,издавач,publisher,,,,St. Sebastian Press,,,conference_paper-2022-interwar-attitudes-bishop-nikolaj-velimirovic-communists,PDF 3,Саиздавач зборника у коме је објављен рад.,source_verified_no_external_id,Спољни ауторитетски идентификатор није унет без засебне нормативне провере.
I054,Матица српска,Matica srpska,научна и културна установа,scholarly and cultural institution,,,,Матица српска,,,article-2026-stavovi-episkopa-nikolaja-velimirovica-potreba-zrtvovanja-za-otadzbinu-1936-1941,PDF 1,Издавач часописа у коме је објављен рад.,source_verified_no_external_id,Спољни ауторитетски идентификатор није унет без засебне нормативне провере.
I055,Гимназија у Чачку,Čačak Grammar School,средња школа,secondary school,,,,Гимназија у Чачку,,,book-2009-a-century-of-doubt-religious-life-in-the-cacak-district-1886-2008,PDF 51–57,"Важна локална установа у анализи веронауке, религиозности и секуларизације.",source_verified_no_external_id,Спољни ауторитетски идентификатор није унет без засебне нормативне провере.
I056,Институт за књижевност и уметност,Institute for Literature and Art,научни институт,research institute,,,,Институт за књижевност и уметност,,,conference_paper-2023-red-or-holy-russia-a-comparison-of-miroslav-krlezas-and-dragisa-vasics,PDF 3–4; PDF 27,Саиздавач зборника у коме је објављен рад.,source_verified_no_external_id,Спољни ауторитетски идентификатор није унет без засебне нормативне провере.
I057,Музеј рудничко-таковског краја,Museum of the Rudnik-Takovo Region,музеј,museum,,,,Музеј рудничко-таковског краја,,,conference_paper-2023-red-or-holy-russia-a-comparison-of-miroslav-krlezas-and-dragisa-vasics,PDF 3–4; PDF 27,Саиздавач зборника у коме је објављен рад.,source_verified_no_external_id,Спољни ауторитетски идентификатор није унет без засебне нормативне провере.
I058,Соколско друштво у Чачку,Sokol Society in Čačak,"гимнастичко, културно и национално удружење","gymnastic, cultural and national association",1910,1941,Соколско друштво у Чачку,,,,book-2006-the-sokol-movement-in-cacak-1910-1941,PDF 27–31,Главна локална организација и непосредни предмет монографије.,source_verified_no_external_id,Хронолошки оквир односи се на период обрађен у монографији.
I059,Савез сокола Краљевине Југославије,Sokol Union of the Kingdom of Yugoslavia,национални соколски савез,national Sokol federation,1929,1941,Савез сокола Краљевине Југославије,,,,book-2006-the-sokol-movement-in-cacak-1910-1941,PDF 22–26,Централна организација соколства у Краљевини Југославији у анализираном периоду.,source_verified_no_external_id,Спољни ауторитетски идентификатор није унет без засебне нормативне провере.
I060,Српски културни клуб,Serbian Cultural Club,културно-политичко удружење,cultural-political association,1937,1941,Српски културни клуб,,,,book-2019-dragisa-vasic-serbian-national-idea,PDF 319–328,Важан институционални оквир Васићевог националног и политичког рада пред Други светски рат.,source_verified_no_external_id,Спољни ауторитетски идентификатор није унет без засебне нормативне провере.
I061,Југословенска војска у отаџбини,Yugoslav Army in the Homeland,војна организација,military organization,1941,1945,Југословенска војска у отаџбини,,,,book-2019-dragisa-vasic-serbian-national-idea,PDF 401–410; PDF 442–445,Војни и политички оквир Васићевог деловања у Другом светском рату.,source_verified_no_external_id,Спољни ауторитетски идентификатор није унет без засебне нормативне провере.
I062,Catena mundi,Catena mundi,издавач,publisher,,,,Catena mundi,,,book-2022-myths-of-recent-serbian-history,PDF 2–3,Издавач монографије „Митови новије српске историје”.,source_verified_no_external_id,Спољни ауторитетски идентификатор није унет без засебне нормативне провере.
I063,Дом културе Гуча,Cultural Centre Guča,установа културе,cultural institution,,,Дом културе Гуча,,,,book-2005-carnival-in-guca-trumpet-festival-1961-2004,PDF 3; PDF 112,Установа је чувала документацију и фотографије и учествовала у организационој инфраструктури Сабора.,source_verified_no_external_id,Историјски назив и деловање потврђени су у наведеној публикацији; спољни идентификатор није унет.
I064,Народни одбор општине Лучани,People’s Committee of the Municipality of Lučani,локална управа,local government body,,,Народни одбор општине Лучани,,,,book-2005-carnival-in-guca-trumpet-festival-1961-2004,PDF 16,Орган локалне управе коме је 1961. предложено укључивање трубача у манифестацију „Драгачево кроз песму и игру”.,source_verified_no_external_id,Историјски назив и деловање потврђени су у наведеној публикацији; спољни идентификатор није унет.
I065,Градско поглаварство Чачак,Čačak City Administration,градска управа,municipal administration,,1941,Градско поглаварство Чачак,,,,article-2007-prostitucija-u-cacku-tokom-xx-veka,PDF 3–15,"Фонд градске управе један је од главних архивских извора за надзор кафана, полицијске извештаје и проституцију.",source_verified_no_external_id,Историјски назив и деловање потврђени су у наведеној публикацији; спољни идентификатор није унет.
I067,Срески суд Чачак,Čačak District Court,суд,court,,,Срески суд Чачак,,,,article-2007-prostitucija-u-cacku-tokom-xx-veka,PDF 15,Судски фонд коришћен је за реконструкцију проституције и јавног морала у првим послератним годинама.,source_verified_no_external_id,Историјски назив и деловање потврђени су у наведеној публикацији; спољни идентификатор није унет.
I068,Социјалистичка партија Србије,Socialist Party of Serbia,политичка странка,political party,,,Социјалистичка партија Србије,,,,book-2005-carnival-in-guca-trumpet-festival-1961-2004,PDF 211,Рад анализира неуспех странке да задржи монопол над политичком употребом традиција представљаних у Гучи.,source_verified_no_external_id,Историјски назив и деловање потврђени су у наведеној публикацији; спољни идентификатор није унет.
I069,Дом културе Чачак,Čačak Cultural Centre,установа културе,cultural institution,1970,,Дом културе Чачак,,,,conference-paper-2019-gradski-centar-arhitektonsko-nasledje-socijalizma-cacak,PDF 42–43,Модернистичко здање из 1970. године представља најизраженији архитектонски и функционални елемент северне стране трга.,source_verified_no_external_id,Историјски назив и деловање потврђени су у наведеној публикацији; спољни идентификатор није унет.
I070,Робна кућа „Партизан”,Partizan Department Store,трговачка установа,department store,1963,,Робна кућа „Партизан”,,,,conference-paper-2019-gradski-centar-arhitektonsko-nasledje-socijalizma-cacak,PDF 40 и 43,Робна кућа подигнута је 1963. као модернистички „храм потрошње” и главни објекат јужне стране трга.,source_verified_no_external_id,Историјски назив и деловање потврђени су у наведеној публикацији; спољни идентификатор није унет.
I071,Робна кућа „Стјеник”,Stjenik Department Store,трговачка установа,department store,1980,,Робна кућа „Стјеник”,,,,conference-paper-2019-gradski-centar-arhitektonsko-nasledje-socijalizma-cacak,PDF 38 и 42,Једна од две масивне робне куће подигнуте око централног трга почетком осамдесетих година.,source_verified_no_external_id,Историјски назив и деловање потврђени су у наведеној публикацији; спољни идентификатор није унет.
I072,Робна кућа „Партизанка”,Partizanka Department Store,трговачка установа,department store,1981,,Робна кућа „Партизанка”,,,,conference-paper-2019-gradski-centar-arhitektonsko-nasledje-socijalizma-cacak,PDF 38 и 42,Једна од две масивне робне куће подигнуте око централног трга почетком осамдесетих година.,source_verified_no_external_id,Историјски назив и деловање потврђени су у наведеној публикацији; спољни идентификатор није унет.
I073,Републички завод за заштиту споменика културе,Institute for the Protection of Cultural Monuments of Serbia,установа заштите културног наслеђа,cultural heritage protection institution,,,Републички завод за заштиту споменика културе,,,,conference-paper-2019-gradski-centar-arhitektonsko-nasledje-socijalizma-cacak,PDF 12,Установа је институционални оквир конзерваторског рада и критике уништавања градитељског наслеђа.,source_verified_no_external_id,Историјски назив и деловање потврђени су у наведеној публикацији; спољни идентификатор није унет.
I074,Савез комуниста Југославије,League of Communists of Yugoslavia,политичка организација,political organization,,,Савез комуниста Југославије,,,,conference-paper-2019-gradski-centar-arhitektonsko-nasledje-socijalizma-cacak,PDF 28,Конгресне резолуције организације анализирају се у контексту закаснелог просторног планирања.,source_verified_no_external_id,Историјски назив и деловање потврђени су у наведеној публикацији; спољни идентификатор није унет.
I075,Савез удружења бораца народноослободилачког рата,Federation of Associations of Veterans of the National Liberation War,борачка организација,veterans' organization,,,Савез удружења бораца народноослободилачког рата,,,,conference-paper-2019-gradski-centar-arhitektonsko-nasledje-socijalizma-cacak,PDF 40 и 42,Организација је била актер политике сећања и расправе о споменику Ратку Митровићу.,source_verified_no_external_id,Историјски назив и деловање потврђени су у наведеној публикацији; спољни идентификатор није унет.
I076,Предузеће „Чачак-филм”,Čačak-film Company,предузеће за приказивање филмова,film exhibition company,,,Предузеће „Чачак-филм”,,,,book-chapter-2007-grad-u-unutrasnjosti,PDF 46,Подаци предузећа о гледаности филмова користе се за анализу јавног прихватања еротских садржаја.,source_verified_no_external_id,Историјски назив и деловање потврђени су у наведеној публикацији; спољни идентификатор није унет.
