person_id,name_sr,name_en,birth,death,occupation_sr,occupation_en,wikidata,orcid,source_id,evidence_page_pdf,evidence_note,verification_status,note
P001,Карађорђе Петровић,Karađorđe Petrović,1768,1817,предводник Првог српског устанка,leader of the First Serbian Uprising,https://www.wikidata.org/entity/Q315172,,conference_paper-2023-rulers-and-towns-the-press-on-the-visits-of-the-obrenovic-and-karadjor,16,Помиње се у анализи династичких посета и меморијалне географије.,verified_authority,
P002,Милош Обреновић,Miloš Obrenović,1780,1860,кнез Србије,Prince of Serbia,https://www.wikidata.org/entity/Q297557,,conference_paper-2023-rulers-and-towns-the-press-on-the-visits-of-the-obrenovic-and-karadjor,13,Главни актер раних владарских путовања и династичке репрезентације.,verified_authority,
P003,Љубица Вукомановић Обреновић,Ljubica Vukomanović Obrenović,1785,1843,кнегиња Србије,Princess consort of Serbia,https://www.wikidata.org/entity/Q1272779,,book-2025-usklici-iskrenog-odusevljenja,71,Помиње се у оквиру породичне и династичке меморије Обреновића.,verified_authority,
P004,Јован Обреновић,Jovan Obrenović,1787,1850,политичар и обласни старешина,politician and regional governor,https://www.wikidata.org/entity/Q3187162,,conference_paper-2023-rulers-and-towns-the-press-on-the-visits-of-the-obrenovic-and-karadjor,12,Појављује се у реконструкцији раних политичких и династичких односа.,verified_authority,
P005,Танаско Рајић,Tanasko Rajić,1754,1815,устанички војвода,revolutionary commander,https://www.wikidata.org/entity/Q3029419,,conference_paper-2016-battle-of-ljubic-in-official-representative-culture-of-cacak-in-the-19,8,Централна личност анализе Боја на Љубићу и касније културе сећања.,verified_authority,
P006,Лазар Мутап,Lazar Mutap,1775,1815,устанички војвода,revolutionary commander,https://www.wikidata.org/entity/Q16086006,,article-2016-the-cult-of-saints-places-of-remembrance-and-political-myths-example-o,8,Једна од средишњих меморијалних личности повезаних са манастиром Вујан.,verified_authority,Године су наведене са прецизношћу доступном у Wikidata запису.
P007,Никола Милићевић Луњевица,Nikola Milićević Lunjevica,1767,1842,"трговац, добротвор и локални старешина","merchant, benefactor and local leader",https://www.wikidata.org/entity/Q16086808,,article-2016-the-cult-of-saints-places-of-remembrance-and-political-myths-example-o,8,Ктиторска и породична меморија манастира Вујан; у раду наведен као предак краљице Драге.,review_conflict,"Рад наводи 1767–1842, док Wikidata тренутно наводи 1776–1842; годину рођења треба проверити у нормативном извору."
P008,Михаило Обреновић,Mihailo Obrenović,1823,1868,кнез Србије,Prince of Serbia,https://www.wikidata.org/entity/Q434252,,conference_paper-2024-ephemeral-spectacle-and-princely-visits-of-prince-mihailo-obrenovic-to,9,Централна личност рада о ефемерном спектаклу и владарским посетама.,verified_authority,
P009,Јулија Хуњади Обреновић,Júlia Hunyady de Kéthely,1831,1919,кнегиња Србије,Princess consort of Serbia,https://www.wikidata.org/entity/Q2330944,,conference_paper-2024-ephemeral-spectacle-and-princely-visits-of-prince-mihailo-obrenovic-to,13,Учествује у описаним владарским путовањима кнеза Михаила.,verified_authority,
P010,Тома Вучић Перишић,Toma Vučić-Perišić,1789,1859,политичар и војсковођа,politician and military commander,https://www.wikidata.org/entity/Q3511189,,conference_paper-2023-rulers-and-towns-the-press-on-the-visits-of-the-obrenovic-and-karadjor,15,Помиње се као важан актер политичког контекста владарских путовања.,verified_authority,
P011,Илија Гарашанин,Ilija Garašanin,1812,1874,државник,statesman,https://www.wikidata.org/entity/Q1259535,,conference_paper-2024-ephemeral-spectacle-and-princely-visits-of-prince-mihailo-obrenovic-to,27,Државник укључен у организацију власти и путовања за време кнеза Михаила.,verified_authority,
P012,Александар Карађорђевић,Alexander Karađorđević,1806,1885,кнез Србије,Prince of Serbia,https://www.wikidata.org/entity/Q317578,,conference_paper-2023-rulers-and-towns-the-press-on-the-visits-of-the-obrenovic-and-karadjor,16,Посете кнеза Александра обрађене су као посебна фаза владарске репрезентације.,verified_authority,
P013,Милан I Обреновић,Milan I Obrenović,1854,1901,краљ Србије,King of Serbia,https://www.wikidata.org/entity/Q313829,,conference_paper-2023-rulers-and-towns-the-press-on-the-visits-of-the-obrenovic-and-karadjor,21,Обрађен у оквиру континуитета владарских посета и династичке политике.,verified_authority,
P014,Наталија Обреновић,Natalie of Serbia,1859,1941,краљица Србије,Queen consort of Serbia,https://www.wikidata.org/entity/Q263949,,book-2025-usklici-iskrenog-odusevljenja,291,Помиње се у породичном и династичком контексту Обреновића.,verified_authority,
P015,Александар Обреновић,Alexander I of Serbia,1876,1903,краљ Србије,King of Serbia,https://www.wikidata.org/entity/Q297547,,book-2025-usklici-iskrenog-odusevljenja,25,Централна личност монографије о путовању владарског пара 1901. године.,verified_authority,
P016,Драга Обреновић,Draga Mašin,1864,1903,краљица Србије,Queen consort of Serbia,https://www.wikidata.org/entity/Q255820,,book-2025-usklici-iskrenog-odusevljenja,25,Централна личност монографије и рада о манастиру Вујан.,review_conflict,Wikidata наводи 1864–1903; у пилот-монографији на једном месту стоји 1866–1903. Усвојен је нормативни податак уз забележену разлику.
P017,Михаило Вујић,Mihailo Vujić,1853,1913,"економиста, дипломата и председник владе","economist, diplomat and prime minister",https://www.wikidata.org/entity/Q6227485,,book-2025-usklici-iskrenog-odusevljenja,29,Председник владе у политичком контексту путовања 1901. године.,verified_authority,
P018,Милован Миловановић,Milovan Milovanović,1863,1912,"политичар, дипломата и правник","politician, diplomat and constitutional lawyer",https://www.wikidata.org/entity/Q1290582,,book-2025-usklici-iskrenog-odusevljenja,30,Државни функционер и учесник политичког контекста путовања.,verified_authority,
P019,Сава Дечанац,Sava Dečanac,1831,1913,жички епископ,Bishop of Žiča,https://www.wikidata.org/entity/Q12434152,,book-2025-usklici-iskrenog-odusevljenja,95,Црквени великодостојник укључен у ритуале дочека владарског пара.,verified_authority,Wikidata ставка користи и име Сава Бараћ.
P020,Вукоман Арачић,Vukoman Aračić,1850,1915,генерал,general,https://www.wikidata.org/entity/Q4068620,,book-2025-usklici-iskrenog-odusevljenja,99,Официр и учесник церемонијалног програма владарског путовања.,verified_authority,
P021,Михаило Срећковић,Mihailo Srećković,1843,1920,генерал,general,,,book-2025-usklici-iskrenog-odusevljenja,61,"Генерал и командант активне војске, наведен међу учесницима путовања.",source_verified_no_external_id,Wikidata ставка није поуздано идентификована у тренутку израде пилота.
P022,Никола Радовановић,Nikola Radovanović,1818,1904,народни посланик и председник општине Чачак,member of parliament and mayor of Čačak,,,book-2025-usklici-iskrenog-odusevljenja,118,Изговорио поздрав владарском пару; у монографији дат биографски опис и фотографија.,source_verified_no_external_id,"Не повезивати са Wikidata Q105947557, која означава савременог кошаркаша истог имена."
P023,Драгутин Васић,Dragutin Vasić,1866,1914,адвокат и народни посланик,lawyer and member of parliament,,,book-2025-usklici-iskrenog-odusevljenja,121,Одржао поздравни говор приликом посете Чачку; у монографији дат биографски опис.,source_verified_no_external_id,"Година смрти је нормализована према потпису фотографије; текст наводи да је погинуо после 1914. године, па је потребна додатна нормативна провера."
P024,Петар I Карађорђевић,Peter I of Serbia,1844,1921,краљ Србије,King of Serbia,https://www.wikidata.org/entity/Q211827,,conference_paper-2023-rulers-and-towns-the-press-on-the-visits-of-the-obrenovic-and-karadjor,27,Његове посете припадају завршној фази анализираног низа владарских путовања.,verified_authority,
P025,Александар I Карађорђевић,Alexander I of Yugoslavia,1888,1934,краљ Југославије,King of Yugoslavia,https://www.wikidata.org/entity/Q207384,,article-2025-ritual-and-politics-the-register-of-godparenthood-of-king-alexander-i,1,Централна личност рада о политичкој употреби краљевских кумстава.,verified_authority,
P026,Михаило Јовановић,Mihailo Jovanović,1826,1898,митрополит београдски,Metropolitan of Belgrade,https://www.wikidata.org/entity/Q10857249,,conference_paper-2024-ephemeral-spectacle-and-princely-visits-of-prince-mihailo-obrenovic-to,23,Црквени великодостојник присутан у опису ритуала владарске посете.,verified_authority,
P027,Надежда Петровић,Nadežda Petrović,1873,1915,сликарка и ратна болничарка,painter and wartime nurse,https://www.wikidata.org/entity/Q264453,,book-2025-nadezda-petrovic-life-art-service-nation,10,"Централна личност монографије; живот, уметност, национални рад и посмртна хероизација анализирани су у целини.",verified_authority,
P028,Иван Мештровић,Ivan Meštrović,1883,1962,вајар и архитекта,sculptor and architect,https://www.wikidata.org/entity/Q313828,,article-2026-jugoslovensko-opredeljenje-nadezde-petrovic-kultura-modernizam-konstrukcija-identiteta,5,Кључни сарадник Надежде Петровић у југословенском уметничком покрету; аутор њеног споменика у Чачку.,verified_authority,
P029,Растко Петровић,Rastko Petrović,1898,1949,књижевник и дипломата,writer and diplomat,https://www.wikidata.org/entity/Q9286452,,book-2025-nadezda-petrovic-life-art-service-nation,43,Брат Надежде Петровић и припадник породичног културног круга који је обликован у монографији.,verified_authority,
P030,Делфа Иванић,Delfa Ivanić,1881,1972,хуманитарна радница и сликарка,humanitarian and painter,https://www.wikidata.org/entity/Q12750769,,article-2026-heroization-of-the-painter-nadezda-petrovic-1915-1941,7,Једна од главних носитељки раног култа Надежде Петровић и организаторка меморијалних активности.,verified_authority,
P031,Димитрије Мита Петровић,Dimitrije Mita Petrović,1852,1911,"историчар, учитељ и писац","historian, teacher and writer",https://www.wikidata.org/entity/Q94661901,,book-2025-nadezda-petrovic-life-art-service-nation,46,Отац Надежде Петровић; породично и интелектуално наслеђе анализирано је у поглављу о одрастању.,verified_authority,
P032,Милева Петровић,Mileva Petrović,,,учитељица,teacher,,,book-2025-nadezda-petrovic-life-art-service-nation,47,Мајка Надежде Петровић и важан носилац породичног васпитања и културног наслеђа.,source_verified_no_external_id,Године рођења и смрти нису нормализоване у пилот-запису.
P033,Јован Скерлић,Jovan Skerlić,1877,1914,књижевни критичар и историчар књижевности,literary critic and literary historian,https://www.wikidata.org/entity/Q1278008,,article-2026-jugoslovensko-opredeljenje-nadezde-petrovic-kultura-modernizam-konstrukcija-identiteta,3,Разматран у интелектуалном и идеолошком оквиру југословенског опредељења Надежде Петровић.,verified_authority,
P034,Вељко Петровић,Veljko Petrović,1884,1967,књижевник и историчар уметности,writer and art historian,https://www.wikidata.org/entity/Q339501,,article-2001-politics-art-and-the-creation-of-traditions-the-erection-of-the-nadezd,18,Учествовао у јавном представљању и тумачењу споменика Надежди Петровић у Чачку.,verified_authority,
P035,Драгомир Минић,Dragomir Minić,1888,1964,председник Општине Чачак; политичар,president of the Municipality of Čačak; politician,,,article-2009-predsednici-opstine-cacak-1944-2010,PDF 2,"Име, године живота и функција потврђени у биографском одељку публикације.",source_verified,Ауторитетски идентификатор није претпостављен; потребна је засебна провера пре допуне Wikidata поља.
P036,Арсеније Ћендић,Arsenije Ćendić,1899,1973,председник Општине Чачак; политичар,president of the Municipality of Čačak; politician,,,article-2009-predsednici-opstine-cacak-1944-2010,PDF 3,"Име, године живота и функција потврђени у биографском одељку публикације.",source_verified,Ауторитетски идентификатор није претпостављен; потребна је засебна провера пре допуне Wikidata поља.
P037,Радојко Крунић,Radojko Krunić,1914,1987,председник Општине Чачак; политичар,president of the Municipality of Čačak; politician,,,article-2009-predsednici-opstine-cacak-1944-2010,PDF 3,"Име, године живота и функција потврђени у биографском одељку публикације.",source_verified,Ауторитетски идентификатор није претпостављен; потребна је засебна провера пре допуне Wikidata поља.
P038,Вучко Милошевић,Vučko Milošević,1919,1990,председник Општине Чачак; политичар,president of the Municipality of Čačak; politician,,,article-2009-predsednici-opstine-cacak-1944-2010,PDF 4,"Име, године живота и функција потврђени у биографском одељку публикације.",source_verified,Ауторитетски идентификатор није претпостављен; потребна је засебна провера пре допуне Wikidata поља.
P039,Михаило Златић,Mihailo Zlatić,1911,1977,председник Општине Чачак; политичар,president of the Municipality of Čačak; politician,,,article-2009-predsednici-opstine-cacak-1944-2010,PDF 5,"Име, године живота и функција потврђени у биографском одељку публикације.",source_verified,Ауторитетски идентификатор није претпостављен; потребна је засебна провера пре допуне Wikidata поља.
P040,Милорад Никшић,Milorad Nikšić,1927,1998,председник Општине Чачак; политичар,president of the Municipality of Čačak; politician,,,article-2009-predsednici-opstine-cacak-1944-2010,PDF 6,"Име, године живота и функција потврђени у биографском одељку публикације.",source_verified,Ауторитетски идентификатор није претпостављен; потребна је засебна провера пре допуне Wikidata поља.
P041,Милош Милосављевић,Miloš Milosavljević,1932,,председник Општине Чачак; политичар,president of the Municipality of Čačak; politician,,,article-2009-predsednici-opstine-cacak-1944-2010,PDF 6,"Име, године живота и функција потврђени у биографском одељку публикације.",source_verified,Ауторитетски идентификатор није претпостављен; потребна је засебна провера пре допуне Wikidata поља.
P042,Драгић Јовановић – Трале,Dragić Jovanović – Trale,1926,1998,председник Општине Чачак; политичар,president of the Municipality of Čačak; politician,,,article-2009-predsednici-opstine-cacak-1944-2010,PDF 7,"Име, године живота и функција потврђени у биографском одељку публикације.",source_verified,Ауторитетски идентификатор није претпостављен; потребна је засебна провера пре допуне Wikidata поља.
P043,Велисав Богићевић,Velisav Bogićević,1931,,председник Општине Чачак; политичар,president of the Municipality of Čačak; politician,,,article-2009-predsednici-opstine-cacak-1944-2010,PDF 9,"Име, године живота и функција потврђени у биографском одељку публикације.",source_verified,Ауторитетски идентификатор није претпостављен; потребна је засебна провера пре допуне Wikidata поља.
P044,Александар Вишњић,Aleksandar Višnjić,1933,,председник Општине Чачак; политичар,president of the Municipality of Čačak; politician,,,article-2009-predsednici-opstine-cacak-1944-2010,PDF 10,"Име, године живота и функција потврђени у биографском одељку публикације.",source_verified,Ауторитетски идентификатор није претпостављен; потребна је засебна провера пре допуне Wikidata поља.
P045,Милован Гавриловић,Milovan Gavrilović,1939,2008,председник Општине Чачак; политичар,president of the Municipality of Čačak; politician,,,article-2009-predsednici-opstine-cacak-1944-2010,PDF 11,"Име, године живота и функција потврђени у биографском одељку публикације.",source_verified,Ауторитетски идентификатор није претпостављен; потребна је засебна провера пре допуне Wikidata поља.
P046,Милош Урошевић,Miloš Urošević,1942,,председник Општине Чачак; политичар,president of the Municipality of Čačak; politician,,,article-2009-predsednici-opstine-cacak-1944-2010,PDF 12,"Име, године живота и функција потврђени у биографском одељку публикације.",source_verified,Ауторитетски идентификатор није претпостављен; потребна је засебна провера пре допуне Wikidata поља.
P047,Родољуб Петровић,Rodoljub Petrović,1940,,председник Општине Чачак; политичар,president of the Municipality of Čačak; politician,,,article-2009-predsednici-opstine-cacak-1944-2010,PDF 13,"Име, године живота и функција потврђени у биографском одељку публикације.",source_verified,Ауторитетски идентификатор није претпостављен; потребна је засебна провера пре допуне Wikidata поља.
P048,Велимир Илић,Velimir Ilić,1951,,председник Општине Чачак; политичар,president of the Municipality of Čačak; politician,,,article-2009-predsednici-opstine-cacak-1944-2010,PDF 15,"Име, године живота и функција потврђени у биографском одељку публикације.",source_verified,Ауторитетски идентификатор није претпостављен; потребна је засебна провера пре допуне Wikidata поља.
P049,Велимир Станојевић,Velimir Stanojević,1964,,председник Општине Чачак; политичар,president of the Municipality of Čačak; politician,,,article-2009-predsednici-opstine-cacak-1944-2010,PDF 17,"Име, године живота и функција потврђени у биографском одељку публикације.",source_verified,Ауторитетски идентификатор није претпостављен; потребна је засебна провера пре допуне Wikidata поља.
P050,Радивоје Бојовић,Radivoje Bojović,,,историчар и музејски кустос,historian and museum curator,,,book-chapter-2013-sest-decenija-rada-narodnog-muzeja-cacak-1952-2012,24,Наведен као кустос Историјског одељења и аутор сталне музејске поставке.,source_verified,Спољни ауторитетски идентификатор није унет без посебне провере.
P051,Страцимир Завидовић,Stracimir Zavidović,,,српски велики жупан,Serbian grand župan,,,book-2021-hram-vaznesenja-gospodnjeg-u-cacku,20,"Повезан са средњовековном Богородицом Градачком, претходницом данашњег храма у Чачку.",source_verified,Хронолошке податке и нормативни запис треба накнадно проверити.
P052,Никифор Максимовић,Nikifor Maksimović,,,епископ жички,Bishop of Žiča,,,book-2021-hram-vaznesenja-gospodnjeg-u-cacku,46–47,Обрађен у вези са обновом храма и црквеним наслеђем Чачка.,source_verified,Спољни ауторитетски идентификатор није унет без посебне провере.
P053,Јован Курсула,Jovan Kursula,1768,1813,устанички војвода,Serbian revolutionary commander,,,article-2024-permanent-museum-exhibition-uprisings-and-wars-1804-1941-in-the-reside,3,"Личност је представљена у сталној поставци цртежом, сликом и биографским контекстом.",source_verified,
P054,Милан Обреновић,Milan Obrenović,1767,1810,устанички војвода,Serbian revolutionary commander,,,article-2024-permanent-museum-exhibition-uprisings-and-wars-1804-1941-in-the-reside,3,Личност је представљена у сталној поставци портретом и документима.,source_verified,Не мешати са краљем Миланом I Обреновићем (P013).
P055,Николај Велимировић,Nikolaj Velimirović,1881,1956,"епископ жички, теолог и писац","Bishop of Žiča, theologian and writer",,,conference_paper-2022-interwar-attitudes-bishop-nikolaj-velimirovic-communists,PDF 9–17,Централна личност рада; године живота наведене су у уводном делу.,source_verified_no_external_id,Спољни ауторитетски идентификатор није унет без засебне нормативне провере.
P056,Свети Сава,Saint Sava,,,српски архиепископ и светитељ,Serbian archbishop and saint,,,article-2021-deca-svetog-save-zavetna-zajednica,PDF 8–17,"Централна фигура анализе заветне заједнице, светосавља и националног идентитета.",source_verified_no_external_id,Спољни ауторитетски идентификатор није унет без засебне нормативне провере.
P057,Јован Стјенички,Jovan of Stjenik,,,локално поштовани монах и култна личност,locally venerated monk and cult figure,,,article-2008-monastery-of-stjenik-at-the-foot-of-jelica-mountain-real-and-invented,PDF 1–4,Рад критички анализира историјску утемељеност и развој култа Јована Стјеничког.,source_verified_no_external_id,Спољни ауторитетски идентификатор није унет без засебне нормативне провере.
P058,Милисав Протић,Milisav Protić,1910,,православни свештеник и локални писац,Orthodox priest and local writer,,,article-2008-monastery-of-stjenik-at-the-foot-of-jelica-mountain-real-and-invented,PDF 6–11,Обрађен као кључни творац и преносилац нових предања о Стјенику и Јежевици.,source_verified_no_external_id,Спољни ауторитетски идентификатор није унет без засебне нормативне провере.
P059,Димитрије Љотић,Dimitrije Ljotić,1891,1945,политичар и идеолог покрета Збор,politician and ideologue of the Zbor movement,,,conference_paper-2022-interwar-attitudes-bishop-nikolaj-velimirovic-communists,PDF 10–17,Обрађен у контексту односа владике Николаја према антикомунизму и покрету Збор.,source_verified_no_external_id,Спољни ауторитетски идентификатор није унет без засебне нормативне провере.
P060,Гаврило Дожић,Gavrilo Dožić,1881,1950,патријарх српски,Patriarch of Serbia,,,article-2007-storm-winds-blew-bishop-nikolaj-velimirovics-attitudes-toward-jews-lib,PDF 16–17,Помиње се у контексту црквеног и јавног деловања пред Други светски рат.,source_verified_no_external_id,Спољни ауторитетски идентификатор није унет без засебне нормативне провере.
P061,Милан Стојадиновић,Milan Stojadinović,1888,1961,председник владе Краљевине Југославије,Prime Minister of the Kingdom of Yugoslavia,,,article-2007-storm-winds-blew-bishop-nikolaj-velimirovics-attitudes-toward-jews-lib,PDF 8–9,Обрађен у контексту политичког сукоба са епископом Николајем.,source_verified_no_external_id,Спољни ауторитетски идентификатор није унет без засебне нормативне провере.
P062,Драгиша Цветковић,Dragiša Cvetković,1893,1969,председник владе Краљевине Југославије,Prime Minister of the Kingdom of Yugoslavia,,,article-2007-storm-winds-blew-bishop-nikolaj-velimirovics-attitudes-toward-jews-lib,PDF 16–18,Помиње се у анализи политичког контекста и државне политике пред рат.,source_verified_no_external_id,Спољни ауторитетски идентификатор није унет без засебне нормативне провере.
P063,Адолф Хитлер,Adolf Hitler,1889,1945,немачки диктатор,German dictator,,,article-2007-storm-winds-blew-bishop-nikolaj-velimirovics-attitudes-toward-jews-lib,PDF 16–18,Појављује се у анализи односа црквене штампе и владике Николаја према нацизму.,source_verified_no_external_id,Спољни ауторитетски идентификатор није унет без засебне нормативне провере.
P064,Јосип Броз Тито,Josip Broz Tito,1892,1980,југословенски комунистички вођа и државник,Yugoslav communist leader and statesman,,,book-2009-a-century-of-doubt-religious-life-in-the-cacak-district-1886-2008,PDF 143–151,"Обрађен у контексту социјалистичке државе, атеизације и односа власти према религији.",source_verified_no_external_id,Спољни ауторитетски идентификатор није унет без засебне нормативне провере.
P065,Драгољуб Дража Михаиловић,Dragoljub Draža Mihailović,1893,1946,генерал и командант Југословенске војске у отаџбини,general and commander of the Yugoslav Army in the Homeland,,,book-2009-a-century-of-doubt-religious-life-in-the-cacak-district-1886-2008,PDF 139–145,"Помиње се у контексту рата, покрета отпора и положаја свештенства.",source_verified_no_external_id,Спољни ауторитетски идентификатор није унет без засебне нормативне провере.
P066,Јустин Поповић,Justin Popović,1894,1979,православни теолог и архимандрит,Orthodox theologian and archimandrite,,,book-2009-a-century-of-doubt-religious-life-in-the-cacak-district-1886-2008,PDF 59–64,Обрађен као један од православних критичара модерних идеологија.,source_verified_no_external_id,Спољни ауторитетски идентификатор није унет без засебне нормативне провере.
P067,Варнава Росић,Varnava Rosić,1880,1937,патријарх српски,Patriarch of Serbia,,,article-2026-stavovi-episkopa-nikolaja-velimirovica-potreba-zrtvovanja-za-otadzbinu-1936-1941,PDF 13–15,Помиње се у анализи патриотских беседа и црквено-државног контекста.,source_verified_no_external_id,Спољни ауторитетски идентификатор није унет без засебне нормативне провере.
P068,Лазар Хребељановић,Lazar Hrebeljanović,,1389,српски кнез,Serbian prince,,,article-2026-stavovi-episkopa-nikolaja-velimirovica-potreba-zrtvovanja-za-otadzbinu-1936-1941,PDF 1–3,Култ кнеза Лазара и косовска жртва чине важан део анализираног идејног оквира.,source_verified_no_external_id,Спољни ауторитетски идентификатор није унет без засебне нормативне провере.
P069,Стефан Немања,Stefan Nemanja,,1199,српски велики жупан,Serbian grand župan,,,article-2021-deca-svetog-save-zavetna-zajednica,PDF 8–14,Обрађен у анализи немањићке владарске идеологије и стварања заветне заједнице.,source_verified_no_external_id,Спољни ауторитетски идентификатор није унет без засебне нормативне провере.
P070,Стефан Првовенчани,Stefan the First-Crowned,,1228,српски краљ,King of Serbia,,,article-2021-deca-svetog-save-zavetna-zajednica,PDF 11–12,Обрађен у контексту сакралне владарске идеологије Немањића.,source_verified_no_external_id,Спољни ауторитетски идентификатор није унет без засебне нормативне провере.
P071,Карл Маркс,Karl Marx,1818,1883,филозоф и политички теоретичар,philosopher and political theorist,,,conference_paper-2022-interwar-attitudes-bishop-nikolaj-velimirovic-communists,PDF 31–35,"Обрађен у анализи Николајеве критике марксизма, атеизма и комунизма.",source_verified_no_external_id,Спољни ауторитетски идентификатор није унет без засебне нормативне провере.
P072,Драгиша Васић,Dragiša Vasić,1885,1945,"књижевник, адвокат и политички мислилац","writer, lawyer and political thinker",,,book-2019-dragisa-vasic-serbian-national-idea,PDF 7–15,Предговор одређује Драгишу Васића као средишњу личност монографије и разматра његов интелектуални и политички положај.,source_verified_no_external_id,Спољни ауторитетски идентификатор није унет без засебне нормативне провере.
P073,Мирослав Крлежа,Miroslav Krleža,1893,1981,књижевник и есејиста,writer and essayist,,,conference_paper-2023-red-or-holy-russia-a-comparison-of-miroslav-krlezas-and-dragisa-vasics,PDF 7–16,Једна од две личности чији се путописи о Совјетској Русији непосредно пореде у раду.,source_verified_no_external_id,Спољни ауторитетски идентификатор није унет без засебне нормативне провере.
P074,Владимир Иљич Лењин,Vladimir Ilyich Lenin,1870,1924,револуционар и совјетски политички вођа,revolutionary and Soviet political leader,,,conference_paper-2023-red-or-holy-russia-a-comparison-of-miroslav-krlezas-and-dragisa-vasics,PDF 15–16,Рад анализира сакрализацију Лењина и улогу његовог култа у комунистичкој политичкој религији.,source_verified_no_external_id,Спољни ауторитетски идентификатор није унет без засебне нормативне провере.
P075,Мирослав Тирш,Miroslav Tyrš,1832,1884,оснивач соколског покрета и теоретичар гимнастике,founder of the Sokol movement and gymnastics theorist,,,book-2006-the-sokol-movement-in-cacak-1910-1941,PDF 8–11,Обрађен као родоначелник соколског покрета и творац његовог идејног и гимнастичког система.,source_verified_no_external_id,Спољни ауторитетски идентификатор није унет без засебне нормативне провере.
P076,Стеван Тодоровић,Stevan Todorović,1832,1925,сликар и пионир организованог телесног вежбања у Србији,painter and pioneer of organized physical exercise in Serbia,,,book-2006-the-sokol-movement-in-cacak-1910-1941,PDF 10–12,Обрађен у поглављу о почецима телесног васпитања и соколства у Србији.,source_verified_no_external_id,Спољни ауторитетски идентификатор није унет без засебне нормативне провере.
P077,Слободан Јовановић,Slobodan Jovanović,1869,1958,"правник, историчар и политичар","jurist, historian and politician",,,book-2019-dragisa-vasic-serbian-national-idea,PDF 319–328,Важна личност Васићевог интелектуалног и политичког круга и деловања Српског културног клуба.,source_verified_no_external_id,Спољни ауторитетски идентификатор није унет без засебне нормативне провере.
P078,Светозар Прибићевић,Svetozar Pribićević,1875,1936,политичар и публициста,politician and publicist,,,book-2019-dragisa-vasic-serbian-national-idea,PDF 328–333,"Обрађен у контексту међуратних политичких односа, југословенства и Васићевих идеолошких преиспитивања.",source_verified_no_external_id,Спољни ауторитетски идентификатор није унет без засебне нормативне провере.
P079,Петар II Карађорђевић,Peter II of Yugoslavia,1923,1970,краљ Југославије,King of Yugoslavia,,,book-2006-the-sokol-movement-in-cacak-1910-1941,PDF 5; PDF 24–25,Краљевско покровитељство и посвећивање соколских програма Петру II део су анализе државне идеологије покрета.,source_verified_no_external_id,Спољни ауторитетски идентификатор није унет без засебне нормативне провере.
P080,Блажо Радивојевић,Blažo Radivojević,,,новинар и уредник,journalist and editor,,,book-2005-carnival-in-guca-trumpet-festival-1961-2004,PDF 16; PDF 367,Као уредник „Чачанског гласа” предложио је 1961. да се трубачи укључе у драгачевску фолклорну манифестацију.,source_verified_no_external_id,Спољни ауторитетски идентификатор није унет без засебне нормативне провере.
P081,Бранко В. Радичевић,Branko V. Radičević,1925,2001,књижевник и новинар,writer and journalist,,,book-2005-carnival-in-guca-trumpet-festival-1961-2004,PDF 20–21; PDF 367,Пружио је пресудну медијску и програмску подршку настанку Сабора и уобличио његову симболичку представу народне традиције.,source_verified_no_external_id,Спољни ауторитетски идентификатор није унет без засебне нормативне провере.
P082,Јосиф Шлезингер,Josif Šlezinger,,,"композитор, диригент и капелник","composer, conductor and bandmaster",,,book-2005-carnival-in-guca-trumpet-festival-1961-2004,PDF 159; PDF 366,Предводио је први европски дувачки оркестар који је кнез Милош довео у Србију 1831. године.,source_verified_no_external_id,Спољни ауторитетски идентификатор није унет без засебне нормативне провере.
P083,Бакија Бакић,Bakija Bakić,,,трубач,trumpeter,,,book-2005-carnival-in-guca-trumpet-festival-1961-2004,PDF 43–48; PDF 369,Издвојен је међу трубачима из јужне Србије који су преко Сабора постали познати на европској world-music сцени.,source_verified_no_external_id,Спољни ауторитетски идентификатор није унет без засебне нормативне провере.
P084,Фејат Сејдић,Fejat Sejdić,,,трубач и вођа оркестра,trumpeter and bandleader,,,book-2005-carnival-in-guca-trumpet-festival-1961-2004,PDF 77–87; PDF 317; PDF 369,Један од најзначајнијих саборских трубача; његов оркестар учествовао је и у укрштању трубачке и популарне музике.,source_verified_no_external_id,Спољни ауторитетски идентификатор није унет без засебне нормативне провере.
P085,Слободан Салијевић,Slobodan Salijević,,,трубач и вођа оркестра,trumpeter and bandleader,,,book-2005-carnival-in-guca-trumpet-festival-1961-2004,PDF 76–87; PDF 317; PDF 369–370,Истакнути трубач чији је оркестар учествовао у филмовима и интернационализацији трубачке музике.,source_verified_no_external_id,Спољни ауторитетски идентификатор није унет без засебне нормативне провере.
P086,Бобан Марковић,Boban Marković,,,трубач и вођа оркестра,trumpeter and bandleader,,,book-2005-carnival-in-guca-trumpet-festival-1961-2004,PDF 14; PDF 326; PDF 369–370,Најуспешнији пример међународне афирмације трубачког оркестра из Србије у анализи Сабора.,source_verified_no_external_id,Спољни ауторитетски идентификатор није унет без засебне нормативне провере.
P087,Милован Бабић,Milovan Babić,,,трубач и вођа оркестра,trumpeter and bandleader,,,book-2005-carnival-in-guca-trumpet-festival-1961-2004,PDF 56–77; PDF 232–238; PDF 369,Издвојен је међу трубачима западне Србије који су стекли ширу афирмацију преко Сабора.,source_verified_no_external_id,Спољни ауторитетски идентификатор није унет без засебне нормативне провере.
P088,Мићо Петровић,Mićo Petrović,,,трубач и вођа оркестра,trumpeter and bandleader,,,book-2005-carnival-in-guca-trumpet-festival-1961-2004,PDF 122; PDF 242–243; PDF 317; PDF 369,"Вођа оркестра из западне Србије, присутан у саборској хроници и популарној култури.",source_verified_no_external_id,Спољни ауторитетски идентификатор није унет без засебне нормативне провере.
P089,Емир Кустурица,Emir Kusturica,,,филмски редитељ,film director,,,book-2005-carnival-in-guca-trumpet-festival-1961-2004,PDF 317–327; PDF 369–370,Његови филмови пресудно су допринели светској популарности трубачке музике и егзотизованој представи Србије и Гуче.,source_verified_no_external_id,Спољни ауторитетски идентификатор није унет без засебне нормативне провере.
P090,Горан Бреговић,Goran Bregović,,,композитор и музичар,composer and musician,,,book-2005-carnival-in-guca-trumpet-festival-1961-2004,PDF 317; PDF 326–327; PDF 369,Музиком за Кустуричине филмове и сарадњом са трубачима допринео је ширењу трубачког звука у популарној култури.,source_verified_no_external_id,Спољни ауторитетски идентификатор није унет без засебне нормативне провере.
P091,Слободан Милошевић,Slobodan Milošević,,,политичар и председник Србије и СР Југославије,politician and president of Serbia and the FR Yugoslavia,,,book-2005-carnival-in-guca-trumpet-festival-1961-2004,PDF 177; PDF 211; PDF 216; PDF 368,"Обрађен је у анализи националне идеологије, политичке инструментализације и односа државне власти према Сабору.",source_verified_no_external_id,Спољни ауторитетски идентификатор није унет без засебне нормативне провере.
P092,Славка Ђуровљевић „Царица”,Slavka Đurovljević ‘Carica’,,1920,кафеџијка и организаторка проституције,café keeper and organizer of prostitution,,,article-2007-prostitucija-u-cacku-tokom-xx-veka,PDF 2 (штампана стр. 171),Власница и закупац локала коју рад идентификује као прву организаторку проституције у чачанским кафанама.,source_verified_no_external_id,Спољни ауторитетски идентификатор није унет без засебне нормативне провере.
P093,Мирослав Миле Мојсиловић,Miroslav Mile Mojsilović,,,"новинар, хроничар и публициста","journalist, chronicler and publicist",,,article-2007-prostitucija-u-cacku-tokom-xx-veka,"PDF 2, 7, 10 и 14","Његови записи о старом Чачку коришћени су као сведочанство о кафанама, проституцији и приватном животу града.",source_verified_no_external_id,Спољни ауторитетски идентификатор није унет без засебне нормативне провере.
P094,Степа Степановић,Stepa Stepanović,1856,1929,војвода и војсковођа,field marshal and military commander,,,article-2000-nazivi-ulica-cacka-1893-1992,PDF 5,Улица војводе Степе припада међуратном слоју назива који негује сећање на балканске и Први светски рат.,source_verified_no_external_id,Спољни ауторитетски идентификатор није унет без засебне нормативне провере.
P095,Никола Пашић,Nikola Pašić,1845,1926,политичар и државник,politician and statesman,,,article-2000-nazivi-ulica-cacka-1893-1992,PDF 5; PDF 11,Назив улице и комеморативна пракса представљени су као део политике сећања у међуратном и постсоцијалистичком Чачку.,source_verified_no_external_id,Спољни ауторитетски идентификатор није унет без засебне нормативне провере.
P096,Марија Карађорђевић,Maria of Yugoslavia,1900,1961,краљица Југославије,Queen of Yugoslavia,,,article-2000-nazivi-ulica-cacka-1893-1992,PDF 4–5,Улица краљице Марије припада династичком слоју назива у Чачку између два светска рата.,source_verified_no_external_id,Спољни ауторитетски идентификатор није унет без засебне нормативне провере.
P097,Николај II Романов,Nicholas II of Russia,1868,1918,руски цар,Emperor of Russia,,,article-2000-nazivi-ulica-cacka-1893-1992,PDF 5,Улица цара Николе II представља словенофилски и савезнички слој међуратне политике именовања улица.,source_verified_no_external_id,Спољни ауторитетски идентификатор није унет без засебне нормативне провере.
P098,Никола Тесла,Nikola Tesla,1856,1943,проналазач и инжењер,inventor and engineer,,,article-2000-nazivi-ulica-cacka-1893-1992,PDF 5,Теслина улица сврстана је у називе који афирмишу науку и индустријализацију.,source_verified_no_external_id,Спољни ауторитетски идентификатор није унет без засебне нормативне провере.
P099,Фердинанд Крен,Ferdinand Kren,,1894,индустријалац и привредник,industrialist and entrepreneur,,,article-2007-prostitucija-u-cacku-tokom-xx-veka,PDF 6 (штампана стр. 175),"Обрађен је у контексту градске елите, кафанског живота и издржавања милоснице у Чачку крајем XIX века.",source_verified_no_external_id,Спољни ауторитетски идентификатор није унет без засебне нормативне провере.
P100,Младомир Пуриша Ђорђевић,Mladomir Puriša Đorđević,,,филмски редитељ и сценариста,film director and screenwriter,,,article-2007-prostitucija-u-cacku-tokom-xx-veka,PDF 10 (штампана стр. 179),Његови филмови наведени су као уметничка обрада сећања на проституцију и интимну историју предратног Чачка.,source_verified_no_external_id,Спољни ауторитетски идентификатор није унет без засебне нормативне провере.
P101,Јарослав Кужељ,Jaroslav Kuželj,,,лекар,physician,,,article-2007-prostitucija-u-cacku-tokom-xx-veka,PDF 6 (штампана стр. 175),"Окружни лекар који је 1905. забележио везу војног гарнизона, тајне проституције и ширења сифилиса у Чачку.",source_verified_no_external_id,Спољни ауторитетски идентификатор није унет без засебне нормативне провере.
P102,Павле Аполонович Ровински,Pavel Apollonovich Rovinsky,1831,1916,"историчар, етнограф и путописац","historian, ethnographer and travel writer",,,book-chapter-2007-grad-u-unutrasnjosti,PDF 15,Његов опис Чачка крајем XIX века служи као уводни доказ за раздвојеност породичног живота од улице и кафане.,source_verified_no_external_id,Спољни ауторитетски идентификатор није унет без засебне нормативне провере.
P103,Момо Капор,Momo Kapor,1937,2010,књижевник и сликар,writer and painter,,,conference-paper-2019-gradski-centar-arhitektonsko-nasledje-socijalizma-cacak,PDF 6 и 48,"Његов суд о изгледу Чачка уводи анализу односа архитектонског наслеђа, градске душе и локалног менталитета.",source_verified_no_external_id,Спољни ауторитетски идентификатор није унет без засебне нормативне провере.
P104,Радомир Станић,Radomir Stanić,1932,1996,историчар уметности и конзерватор,art historian and conservator,,,conference-paper-2019-gradski-centar-arhitektonsko-nasledje-socijalizma-cacak,PDF 12 и 49,Његова критика послератног рушења градитељског наслеђа користи се у анализи социјалистичке урбанизације.,source_verified_no_external_id,Спољни ауторитетски идентификатор није унет без засебне нормативне провере.
P105,Богдан Богдановић,Bogdan Bogdanović,1922,2010,архитекта и урбаниста,architect and urban planner,,,conference-paper-2019-gradski-centar-arhitektonsko-nasledje-socijalizma-cacak,PDF 40,"Аутор је Спомен-парка борбе и победе, чија се надетничка и космополитска симболика анализира у раду.",source_verified_no_external_id,Спољни ауторитетски идентификатор није унет без засебне нормативне провере.
P106,Михаило Митровић,Mihajlo Mitrović,1922,2018,архитекта и урбаниста,architect and urban planner,,,conference-paper-2019-gradski-centar-arhitektonsko-nasledje-socijalizma-cacak,"PDF 40, 42 и 44",Аутор је конкурсног решења Трга устанка и стамбено-пословног комплекса „Пролеће”.,source_verified_no_external_id,Спољни ауторитетски идентификатор није унет без засебне нормативне провере.
P107,Драгиша Брашован,Dragiša Brašovan,1887,1965,архитекта,architect,,,conference-paper-2019-gradski-centar-arhitektonsko-nasledje-socijalizma-cacak,PDF 40,"Пројектовао је Робну кућу „Партизан”, један од главних модернистичких објеката на тргу.",source_verified_no_external_id,Спољни ауторитетски идентификатор није унет без засебне нормативне провере.
P108,Ратко Митровић,Ratko Mitrović,1913,1941,народни херој и политички комесар,national hero and political commissar,,,conference-paper-2019-gradski-centar-arhitektonsko-nasledje-socijalizma-cacak,PDF 42,Предлог из 1982. предвиђао је подизање његовог споменика на централном тргу у Чачку.,source_verified_no_external_id,Спољни ауторитетски идентификатор није унет без засебне нормативне провере.
P109,Милан Недић,Milan Nedić,1877,1946,генерал и председник колаборационистичке владе,general and head of the collaborationist government,,,article-2019-finansije-jvuo-u-srbiji-1941-1944,"PDF 2, 4, 11 и 13",Недићева влада и њена финансијска помоћ ЈВуО чине један од главних токова анализе.,source_verified_no_external_id,Спољни ауторитетски идентификатор није унет без засебне нормативне провере.
P110,Милован Ђилас,Milovan Đilas,1911,1995,"револуционар, политичар и писац","revolutionary, politician and writer",,,article-2018-sudbina-srebra-uzicke-republike,"PDF 5, 14–15 и 17",Сведочења и деловање Ђиласа користе се у реконструкцији транспорта и употребе ужичког сребра.,source_verified_no_external_id,Спољни ауторитетски идентификатор није унет без засебне нормативне провере.
P111,Сретен Жујовић,Sreten Žujović,1899,1976,револуционар и политичар,revolutionary and politician,,,book-2018-zlato-cetnika-i-partizana-2018,PDF 105 и 112,Као руководилац партизанских финансија присутан је у анализи новца и драгоцености.,source_verified_no_external_id,Спољни ауторитетски идентификатор није унет без засебне нормативне провере.
P112,Александар Ранковић,Aleksandar Ranković,1909,1983,револуционар и политичар,revolutionary and politician,,,article-2018-sudbina-srebra-uzicke-republike,PDF 11 и 18,Његове дневничке забелешке и ратна улога користе се у реконструкцији судбине сребра.,source_verified_no_external_id,Спољни ауторитетски идентификатор није унет без засебне нормативне провере.
P113,Винстон Черчил,Winston Churchill,1874,1965,британски државник и премијер,British statesman and prime minister,,,book-2018-zlato-cetnika-i-partizana-2018,PDF 233,Черчилова политика према југословенским покретима отпора део је објашњења прекида помоћи ЈВуО.,source_verified_no_external_id,Спољни ауторитетски идентификатор није унет без засебне нормативне провере.
P114,Владимир Дедијер,Vladimir Dedijer,1914,1990,"историчар, публициста и учесник НОП-а","historian, publicist and Partisan participant",,,article-2018-sudbina-srebra-uzicke-republike,PDF 10–17,Дневник и сећања Дедијера важни су извори за повлачење из Ужица и транспорт сребра.,source_verified_no_external_id,Спољни ауторитетски идентификатор није унет без засебне нормативне провере.
