place_id,name_sr,name_en,place_type_sr,place_type_en,historical_names,country_code,latitude,longitude,wikidata,geonames,source_id,evidence_page_pdf,evidence_note,verification_status,note
PL001,Србија,Serbia,држава,country,Кнежевина Србија; Краљевина Србија,RS,43.95,20.933333,https://www.wikidata.org/entity/Q403,6290252,article-2025-ritual-and-politics-the-register-of-godparenthood-of-king-alexander-i,4,Основни државни и географски оквир анализираног корпуса.,verified_authority,За односе који описују правни или политички субјективитет треба разликовати историјске државе од савремене Републике Србије.
PL002,Чачак,Čačak,град,city,,RS,43.891389,20.349722,https://www.wikidata.org/entity/Q208038,792078,article-2025-ritual-and-politics-the-register-of-godparenthood-of-king-alexander-i,1,Место чувања основног извора и једно од средишта пилот-корпуса.,verified_authority,
PL003,Љубић,Ljubić,насеље,settlement,,RS,43.902778,20.355556,https://www.wikidata.org/entity/Q2723389,,conference_paper-2016-battle-of-ljubic-in-official-representative-culture-of-cacak-in-the-19,8,Место Боја на Љубићу и касније меморијализације Танаска Рајића.,verified_authority,GeoNames идентификатор није пронађен у Wikidata запису.
PL004,Београд,Belgrade,главни град,capital city,,RS,44.817778,20.456944,https://www.wikidata.org/entity/Q3711,792680,conference_paper-2024-ephemeral-spectacle-and-princely-visits-of-prince-mihailo-obrenovic-to,9,Полазиште и политичко средиште владарских путовања.,verified_authority,
PL005,Крагујевац,Kragujevac,град,city,,RS,44.010111,20.917222,https://www.wikidata.org/entity/Q167394,789128,conference_paper-2024-ephemeral-spectacle-and-princely-visits-of-prince-mihailo-obrenovic-to,15,Важна престоничка и церемонијална тачка путовања кнеза Михаила.,verified_authority,
PL006,Смедерево,Smederevo,град,city,,RS,44.663333,20.928889,https://www.wikidata.org/entity/Q190774,785756,book-2025-usklici-iskrenog-odusevljenja,33,Једна од првих и најважнијих станица путовања краљевског пара 1901. године.,verified_authority,
PL007,Краљево,Kraljevo,град,city,Карановац,RS,43.72342,20.686975,https://www.wikidata.org/entity/Q206317,789107,conference_paper-2023-rulers-and-towns-the-press-on-the-visits-of-the-obrenovic-and-karadjor,9,Један од три града у средишту рада о владарским посетама; историјски назив Каранoвац.,verified_authority,Историјски назив нормализован је као Карановац.
PL008,Горњи Милановац,Gornji Milanovac,град,town,Деспотовица,RS,44.021152,20.455953,https://www.wikidata.org/entity/Q714668,790367,conference_paper-2023-rulers-and-towns-the-press-on-the-visits-of-the-obrenovic-and-karadjor,9,Један од градова анализираних кроз континуитет посета Обреновића и Карађорђевића.,verified_authority,У XIX веку варош је носила назив Деспотовица.
PL009,Ужице,Užice,град,city,,RS,43.85,19.85,https://www.wikidata.org/entity/Q59473,3188434,book-2025-usklici-iskrenog-odusevljenja,130,Важна станица владарског путовања кроз западну Србију.,verified_authority,
PL010,Ваљево,Valjevo,град,city,,RS,44.266667,19.883333,https://www.wikidata.org/entity/Q208015,3188402,book-2025-usklici-iskrenog-odusevljenja,131,Град обухваћен маршрутом и церемонијалном географијом путовања.,verified_authority,
PL011,Шабац,Šabac,град,city,,RS,44.755833,19.693889,https://www.wikidata.org/entity/Q204472,3191376,conference_paper-2024-ephemeral-spectacle-and-princely-visits-of-prince-mihailo-obrenovic-to,14,Једна од раних тачака владарских посета кнеза Михаила.,verified_authority,
PL012,Ниш,Niš,град,city,,RS,43.319167,21.896111,https://www.wikidata.org/entity/Q129259,787657,book-2025-usklici-iskrenog-odusevljenja,104,"Град се појављује у ширем поређењу владарских резиденција, путовања и репрезентације.",verified_authority,
PL013,Таково,Takovo,село,village,,RS,44.042778,20.3875,https://www.wikidata.org/entity/Q1018639,785143,book-2025-usklici-iskrenog-odusevljenja,142,Кључно место династичке меморије Обреновића и програмска тачка путовања 1901.,verified_authority,
PL014,Рудник,Rudnik Mountain,планина,mountain,,RS,44.131389,20.540278,https://www.wikidata.org/entity/Q1703061,786206,book-2025-usklici-iskrenog-odusevljenja,125,Планина и шири простор важан за локални идентитет и маршруту владарског пара.,verified_authority,Не мешати са истоименим насељем Рудник.
PL015,Вујан,Vujan Mountain,планина,mountain,,RS,43.9722,20.4692,https://www.wikidata.org/entity/Q3563770,862761,article-2016-the-cult-of-saints-places-of-remembrance-and-political-myths-example-o,9,Просторни оквир манастира Вујан и меморијалних традиција анализираних у раду.,verified_authority,"Не мешати са манастиром Вујан, који има засебан институционални ID I005."
PL016,Овчарско-кабларска клисура,Ovčar–Kablar Gorge,клисура,gorge,,RS,,,https://www.wikidata.org/entity/Q3110974,,book-2025-usklici-iskrenog-odusevljenja,122,"Простор западне Србије повезан са путовањем, сакралном географијом и регионалним идентитетом.",verified_authority_no_coordinates,"Wikidata ставка је потврђена, али у њој тренутно нису доступни GeoNames идентификатор и координате."
PL017,Прислоница,Prislonica,село,village,,RS,43.9531,20.4378,https://www.wikidata.org/entity/Q2723458,862740,article-2016-the-cult-of-saints-places-of-remembrance-and-political-myths-example-o,18,Насеље у непосредном просторном и меморијалном окружењу манастира Вујан.,verified_authority,
PL018,Жича,Žiča,село,village,,RS,43.69,20.6525,https://www.wikidata.org/entity/Q246794,837576,book-2025-usklici-iskrenog-odusevljenja,104,"Насеље и простор манастира Жича, важне тачке сакралне и династичке географије.",verified_authority,Манастир Жича има засебан институционални ID I007.
PL019,Враћевшница,Vraćevšnica,село,village,,RS,44.05,20.6333,https://www.wikidata.org/entity/Q2725193,784247,book-2025-usklici-iskrenog-odusevljenja,152,Насеље у коме се налази манастир повезан са породичном и династичком меморијом.,verified_authority,Манастир Враћевшница има засебан институционални ID I008.
PL020,Пожега,Požega,град,town,Ужичка Пожега,RS,43.85,20.05,https://www.wikidata.org/entity/Q1013322,786824,book-2025-usklici-iskrenog-odusevljenja,127,Транзитна и церемонијална тачка путовања кроз западну Србију.,verified_authority,Историјски облик Ужичка Пожега служи за разликовање од Славонске Пожеге.
PL021,Ваљево,Valjevo,град,city,,RS,44.266667,19.883333,https://www.wikidata.org/entity/Q193452,3188402,article-2026-heroization-of-the-painter-nadezda-petrovic-1915-1941,13,Место смрти и првобитног сахрањивања Надежде Петровић; полазиште преноса посмртних остатака 1935.,verified_authority,
PL022,Минхен,Munich,град,city,,DE,48.1375,11.575,https://www.wikidata.org/entity/Q1726,2867714,book-2025-nadezda-petrovic-life-art-service-nation,59,Главно место раног уметничког школовања Надежде Петровић.,verified_authority,
PL023,Париз,Paris,град,city,,FR,48.856667,2.352222,https://www.wikidata.org/entity/Q90,2988507,book-2025-nadezda-petrovic-life-art-service-nation,186,Средиште њеног каснијег уметничког усавршавања и модернистичког искуства.,verified_authority,
PL024,Загреб,Zagreb,град,city,,HR,45.816667,15.983333,https://www.wikidata.org/entity/Q1435,3186886,article-2026-jugoslovensko-opredeljenje-nadezde-petrovic-kultura-modernizam-konstrukcija-identiteta,7,Једно од средишта југословенске уметничке сарадње и место ливења споменика за Чачак.,verified_authority,
PL025,Скопље,Skopje,град,city,,MK,41.996111,21.431667,https://www.wikidata.org/entity/Q384,785842,book-2025-nadezda-petrovic-life-art-service-nation,93,Место националног и хуманитарног ангажмана у Старој Србији и Македонији.,verified_authority,
PL026,Рим,Rome,град,city,,IT,41.893333,12.482778,https://www.wikidata.org/entity/Q220,3169070,book-2025-nadezda-petrovic-life-art-service-nation,195,Место међународне изложбе 1911. и важна тачка југословенске уметничке репрезентације.,verified_authority,
PL027,Благоевград,Blagoevgrad,град,city,Горња Џумаја,BG,,,,,book-2012-balkan-city,PDF 1,Град је један од два основна компаративна случаја монографије.,source_verified,Координате и спољни идентификатори остављени су празни до засебне ауторитетске провере.
PL028,Овчар Бања,Ovčar Banja,бањско насеље,spa settlement,,RS,,,,,conference_paper-2024-elektrifikacija-srbije-posle-1945-hidroelektrane-ovcarsko-kablarska-klisura,PDF 31,Место је непосредно повезано са градилиштем и хидроелектраном Овчар Бања.,source_verified,Не мешати насеље са хидроелектраном I017.
PL029,Међувршје,Međuvršje,насеље,settlement,,RS,,,,,conference_paper-2024-elektrifikacija-srbije-posle-1945-hidroelektrane-ovcarsko-kablarska-klisura,PDF 31,Место је непосредно повезано са градилиштем и хидроелектраном Међувршје.,source_verified,Не мешати насеље са хидроелектраном I018.
