relation_id,subject_id,relation,object_id,source_id,evidence_page,evidence_note,confidence
R001,article-2016-the-cult-of-saints-places-of-remembrance-and-political-myths-example-o,concernsPerson,P006,article-2016-the-cult-of-saints-places-of-remembrance-and-political-myths-example-o,pp. 33–63 (print),Публикација непосредно обрађује личност као значајног актера анализе.,high
R002,article-2016-the-cult-of-saints-places-of-remembrance-and-political-myths-example-o,concernsPerson,P007,article-2016-the-cult-of-saints-places-of-remembrance-and-political-myths-example-o,pp. 33–63 (print),Публикација непосредно обрађује личност као значајног актера анализе.,high
R003,article-2016-the-cult-of-saints-places-of-remembrance-and-political-myths-example-o,concernsPerson,P016,article-2016-the-cult-of-saints-places-of-remembrance-and-political-myths-example-o,pp. 33–63 (print),Публикација непосредно обрађује личност као значајног актера анализе.,high
R004,article-2016-the-cult-of-saints-places-of-remembrance-and-political-myths-example-o,concernsInstitution,I004,article-2016-the-cult-of-saints-places-of-remembrance-and-political-myths-example-o,PDF 10,Анализирана као институционални оквир сакралног памћења и националних пантеона.,high
R005,article-2016-the-cult-of-saints-places-of-remembrance-and-political-myths-example-o,concernsInstitution,I005,article-2016-the-cult-of-saints-places-of-remembrance-and-political-myths-example-o,pp. 33–63 (print),Публикација непосредно обрађује установу или њену историјску улогу.,high
R006,article-2016-the-cult-of-saints-places-of-remembrance-and-political-myths-example-o,concernsPlace,PL001,article-2016-the-cult-of-saints-places-of-remembrance-and-political-myths-example-o,pp. 33–63 (print),Место представља значајан простор анализе у публикацији.,high
R007,article-2016-the-cult-of-saints-places-of-remembrance-and-political-myths-example-o,concernsPlace,PL002,article-2016-the-cult-of-saints-places-of-remembrance-and-political-myths-example-o,pp. 33–63 (print),Место представља значајан простор анализе у публикацији.,high
R008,article-2016-the-cult-of-saints-places-of-remembrance-and-political-myths-example-o,concernsPlace,PL008,article-2016-the-cult-of-saints-places-of-remembrance-and-political-myths-example-o,pp. 33–63 (print),Место представља значајан простор анализе у публикацији.,high
R009,article-2016-the-cult-of-saints-places-of-remembrance-and-political-myths-example-o,concernsPlace,PL015,article-2016-the-cult-of-saints-places-of-remembrance-and-political-myths-example-o,PDF 9,Просторни оквир манастира Вујан и меморијалних традиција анализираних у раду.,high
R010,article-2016-the-cult-of-saints-places-of-remembrance-and-political-myths-example-o,concernsPlace,PL017,article-2016-the-cult-of-saints-places-of-remembrance-and-political-myths-example-o,PDF 18,Насеље у непосредном просторном и меморијалном окружењу манастира Вујан.,high
R011,P007,restored,I005,article-2016-the-cult-of-saints-places-of-remembrance-and-political-myths-example-o,pp. 33–63 (print),Никола Милићевић Луњевица повезан је са обновом и ктиторском традицијом манастира Вујан.,high
R012,P007,patronOf,I005,article-2016-the-cult-of-saints-places-of-remembrance-and-political-myths-example-o,PDF 8–9,Никола Милићевић Луњевица у раду је представљен као добротвор/ктиторски актер манастира Вујан.,high
R013,P006,buriedAt,I005,article-2016-the-cult-of-saints-places-of-remembrance-and-political-myths-example-o,pp. 63 (print),Лазар Мутап је сахрањен у меморијалном контексту манастира Вујан.,high
R014,I005,locatedIn,PL015,article-2016-the-cult-of-saints-places-of-remembrance-and-political-myths-example-o,PDF 9,Манастир Вујан припада простору планине Вујан.,high
R015,I005,locatedIn,PL017,article-2016-the-cult-of-saints-places-of-remembrance-and-political-myths-example-o,PDF 18,Манастир Вујан налази се у непосредном просторном окружењу Прислонице.,high
R016,P016,descendantOf,P007,article-2016-the-cult-of-saints-places-of-remembrance-and-political-myths-example-o,pp. 63 (print),Драга Обреновић је у раду наведена као потомак Николе Милићевића Луњевице.,high
R017,article-2016-the-cult-of-saints-places-of-remembrance-and-political-myths-example-o,usesSource,S009,article-2016-the-cult-of-saints-places-of-remembrance-and-political-myths-example-o,PDF 18,"Цитиран као локални новински извор у раду о култу светитеља, местима сећања и политичким митовима.",high
R018,article-2025-ritual-and-politics-the-register-of-godparenthood-of-king-alexander-i,concernsPerson,P025,article-2025-ritual-and-politics-the-register-of-godparenthood-of-king-alexander-i,pp. 71–100 (print),Публикација непосредно обрађује личност као значајног актера анализе.,high
R019,article-2025-ritual-and-politics-the-register-of-godparenthood-of-king-alexander-i,concernsInstitution,I009,article-2025-ritual-and-politics-the-register-of-godparenthood-of-king-alexander-i,pp. 71–100 (print),Публикација непосредно обрађује установу или њену историјску улогу.,high
R020,article-2025-ritual-and-politics-the-register-of-godparenthood-of-king-alexander-i,concernsPlace,PL001,article-2025-ritual-and-politics-the-register-of-godparenthood-of-king-alexander-i,PDF 4,Основни државни и географски оквир анализираног корпуса.,high
R021,article-2025-ritual-and-politics-the-register-of-godparenthood-of-king-alexander-i,concernsPlace,PL002,article-2025-ritual-and-politics-the-register-of-godparenthood-of-king-alexander-i,pp. 71–100 (print),Место представља значајан простор анализе у публикацији.,high
R022,article-2025-ritual-and-politics-the-register-of-godparenthood-of-king-alexander-i,concernsPlace,PL004,article-2025-ritual-and-politics-the-register-of-godparenthood-of-king-alexander-i,pp. 71–100 (print),Место представља значајан простор анализе у публикацији.,high
R023,article-2025-ritual-and-politics-the-register-of-godparenthood-of-king-alexander-i,publishedBy,I001,article-2025-ritual-and-politics-the-register-of-godparenthood-of-king-alexander-i,front matter,Народни музеј Чачак је издавач Зборника радова у коме је рад објављен.,high
R024,I009,locatedIn,PL002,article-2025-ritual-and-politics-the-register-of-godparenthood-of-king-alexander-i,PDF 1–2,Црква Вазнесења Господњег налази се у Чачку.,high
R025,I009,preservesSource,S001,article-2025-ritual-and-politics-the-register-of-godparenthood-of-king-alexander-i,PDF 2,„Књига кумства” чува се у ризници Цркве Вазнесења Господњег у Чачку.,high
R026,article-2025-ritual-and-politics-the-register-of-godparenthood-of-king-alexander-i,usesSource,S001,article-2025-ritual-and-politics-the-register-of-godparenthood-of-king-alexander-i,PDF 2,Основни примарни извор пилот-рада; публикација наводи да се чува у ризници Цркве Вазнесења Господњег у Чачку.,high
R027,conference_paper-2016-battle-of-ljubic-in-official-representative-culture-of-cacak-in-the-19,concernsPerson,P002,conference_paper-2016-battle-of-ljubic-in-official-representative-culture-of-cacak-in-the-19,pp. 215–242 (print),Публикација непосредно обрађује личност као значајног актера анализе.,high
R028,conference_paper-2016-battle-of-ljubic-in-official-representative-culture-of-cacak-in-the-19,concernsPerson,P005,conference_paper-2016-battle-of-ljubic-in-official-representative-culture-of-cacak-in-the-19,pp. 215–242 (print),Публикација непосредно обрађује личност као значајног актера анализе.,high
R029,conference_paper-2016-battle-of-ljubic-in-official-representative-culture-of-cacak-in-the-19,concernsPerson,P013,conference_paper-2016-battle-of-ljubic-in-official-representative-culture-of-cacak-in-the-19,pp. 215–242 (print),Публикација непосредно обрађује личност као значајног актера анализе.,high
R030,conference_paper-2016-battle-of-ljubic-in-official-representative-culture-of-cacak-in-the-19,concernsPerson,P015,conference_paper-2016-battle-of-ljubic-in-official-representative-culture-of-cacak-in-the-19,pp. 215–242 (print),Публикација непосредно обрађује личност као значајног актера анализе.,high
R031,conference_paper-2016-battle-of-ljubic-in-official-representative-culture-of-cacak-in-the-19,concernsPerson,P025,conference_paper-2016-battle-of-ljubic-in-official-representative-culture-of-cacak-in-the-19,pp. 215–242 (print),Публикација непосредно обрађује личност као значајног актера анализе.,high
R032,conference_paper-2016-battle-of-ljubic-in-official-representative-culture-of-cacak-in-the-19,concernsInstitution,I001,conference_paper-2016-battle-of-ljubic-in-official-representative-culture-of-cacak-in-the-19,pp. 215–242 (print),Публикација непосредно обрађује установу или њену историјску улогу.,high
R033,conference_paper-2016-battle-of-ljubic-in-official-representative-culture-of-cacak-in-the-19,concernsInstitution,I015,conference_paper-2016-battle-of-ljubic-in-official-representative-culture-of-cacak-in-the-19,PDF 8,Пук је пре Другог светског рата обележавао погибију свог патрона Танаска Рајића као славу.,high
R034,conference_paper-2016-battle-of-ljubic-in-official-representative-culture-of-cacak-in-the-19,concernsPlace,PL001,conference_paper-2016-battle-of-ljubic-in-official-representative-culture-of-cacak-in-the-19,pp. 215–242 (print),Место представља значајан простор анализе у публикацији.,high
R035,conference_paper-2016-battle-of-ljubic-in-official-representative-culture-of-cacak-in-the-19,concernsPlace,PL002,conference_paper-2016-battle-of-ljubic-in-official-representative-culture-of-cacak-in-the-19,pp. 215–242 (print),Место представља значајан простор анализе у публикацији.,high
R036,conference_paper-2016-battle-of-ljubic-in-official-representative-culture-of-cacak-in-the-19,concernsPlace,PL003,conference_paper-2016-battle-of-ljubic-in-official-representative-culture-of-cacak-in-the-19,pp. 215–242 (print),Место представља значајан простор анализе у публикацији.,high
R037,conference_paper-2016-battle-of-ljubic-in-official-representative-culture-of-cacak-in-the-19,concernsPlace,PL013,conference_paper-2016-battle-of-ljubic-in-official-representative-culture-of-cacak-in-the-19,pp. 215–242 (print),Место представља значајан простор анализе у публикацији.,high
R038,P005,diedAt,PL003,conference_paper-2016-battle-of-ljubic-in-official-representative-culture-of-cacak-in-the-19,pp. 217 (print),Танаско Рајић погинуо је код Љубића 1815. године.,high
R039,I015,locatedIn,PL002,conference_paper-2016-battle-of-ljubic-in-official-representative-culture-of-cacak-in-the-19,PDF 8,19. артиљеријски пук је у извору везан за Чачак.,high
R040,I015,commemorates,P005,conference_paper-2016-battle-of-ljubic-in-official-representative-culture-of-cacak-in-the-19,PDF 8,19. артиљеријски пук обележавао је погибију свог патрона Танаска Рајића као славу.,high
R041,PL003,commemorates,P005,conference_paper-2016-battle-of-ljubic-in-official-representative-culture-of-cacak-in-the-19,pp. 215–242 (print),Љубић је меморијални простор везан за погибију и каснију комеморацију Танаска Рајића.,high
R042,conference_paper-2024-ephemeral-spectacle-and-princely-visits-of-prince-mihailo-obrenovic-to,concernsPerson,P002,conference_paper-2024-ephemeral-spectacle-and-princely-visits-of-prince-mihailo-obrenovic-to,pp. 165–196 (print),Публикација непосредно обрађује личност као значајног актера анализе.,high
R043,conference_paper-2024-ephemeral-spectacle-and-princely-visits-of-prince-mihailo-obrenovic-to,concernsPerson,P004,conference_paper-2024-ephemeral-spectacle-and-princely-visits-of-prince-mihailo-obrenovic-to,pp. 165–196 (print),Публикација непосредно обрађује личност као значајног актера анализе.,high
R044,conference_paper-2024-ephemeral-spectacle-and-princely-visits-of-prince-mihailo-obrenovic-to,concernsPerson,P008,conference_paper-2024-ephemeral-spectacle-and-princely-visits-of-prince-mihailo-obrenovic-to,pp. 165–196 (print),Публикација непосредно обрађује личност као значајног актера анализе.,high
R045,conference_paper-2024-ephemeral-spectacle-and-princely-visits-of-prince-mihailo-obrenovic-to,concernsPerson,P009,conference_paper-2024-ephemeral-spectacle-and-princely-visits-of-prince-mihailo-obrenovic-to,pp. 165–196 (print),Публикација непосредно обрађује личност као значајног актера анализе.,high
R046,conference_paper-2024-ephemeral-spectacle-and-princely-visits-of-prince-mihailo-obrenovic-to,concernsPerson,P011,conference_paper-2024-ephemeral-spectacle-and-princely-visits-of-prince-mihailo-obrenovic-to,PDF 27,Државник укључен у организацију власти и путовања за време кнеза Михаила.,high
R047,conference_paper-2024-ephemeral-spectacle-and-princely-visits-of-prince-mihailo-obrenovic-to,concernsPerson,P026,conference_paper-2024-ephemeral-spectacle-and-princely-visits-of-prince-mihailo-obrenovic-to,PDF 23,Црквени великодостојник присутан у опису ритуала владарске посете.,high
R048,conference_paper-2024-ephemeral-spectacle-and-princely-visits-of-prince-mihailo-obrenovic-to,concernsInstitution,I006,conference_paper-2024-ephemeral-spectacle-and-princely-visits-of-prince-mihailo-obrenovic-to,pp. 165–196 (print),Публикација непосредно обрађује установу или њену историјску улогу.,high
R049,conference_paper-2024-ephemeral-spectacle-and-princely-visits-of-prince-mihailo-obrenovic-to,concernsInstitution,I007,conference_paper-2024-ephemeral-spectacle-and-princely-visits-of-prince-mihailo-obrenovic-to,pp. 165–196 (print),Публикација непосредно обрађује установу или њену историјску улогу.,high
R050,conference_paper-2024-ephemeral-spectacle-and-princely-visits-of-prince-mihailo-obrenovic-to,concernsInstitution,I008,conference_paper-2024-ephemeral-spectacle-and-princely-visits-of-prince-mihailo-obrenovic-to,pp. 165–196 (print),Публикација непосредно обрађује установу или њену историјску улогу.,high
R051,conference_paper-2024-ephemeral-spectacle-and-princely-visits-of-prince-mihailo-obrenovic-to,concernsPlace,PL001,conference_paper-2024-ephemeral-spectacle-and-princely-visits-of-prince-mihailo-obrenovic-to,pp. 165–196 (print),Место представља значајан простор анализе у публикацији.,high
R052,conference_paper-2024-ephemeral-spectacle-and-princely-visits-of-prince-mihailo-obrenovic-to,concernsPlace,PL002,conference_paper-2024-ephemeral-spectacle-and-princely-visits-of-prince-mihailo-obrenovic-to,pp. 165–196 (print),Место представља значајан простор анализе у публикацији.,high
R053,conference_paper-2024-ephemeral-spectacle-and-princely-visits-of-prince-mihailo-obrenovic-to,concernsPlace,PL004,conference_paper-2024-ephemeral-spectacle-and-princely-visits-of-prince-mihailo-obrenovic-to,pp. 165–196 (print),Место представља значајан простор анализе у публикацији.,high
R054,conference_paper-2024-ephemeral-spectacle-and-princely-visits-of-prince-mihailo-obrenovic-to,concernsPlace,PL005,conference_paper-2024-ephemeral-spectacle-and-princely-visits-of-prince-mihailo-obrenovic-to,pp. 165–196 (print),Место представља значајан простор анализе у публикацији.,high
R055,conference_paper-2024-ephemeral-spectacle-and-princely-visits-of-prince-mihailo-obrenovic-to,concernsPlace,PL006,conference_paper-2024-ephemeral-spectacle-and-princely-visits-of-prince-mihailo-obrenovic-to,pp. 165–196 (print),Место представља значајан простор анализе у публикацији.,high
R056,conference_paper-2024-ephemeral-spectacle-and-princely-visits-of-prince-mihailo-obrenovic-to,concernsPlace,PL007,conference_paper-2024-ephemeral-spectacle-and-princely-visits-of-prince-mihailo-obrenovic-to,pp. 165–196 (print),Место представља значајан простор анализе у публикацији.,high
R057,conference_paper-2024-ephemeral-spectacle-and-princely-visits-of-prince-mihailo-obrenovic-to,concernsPlace,PL008,conference_paper-2024-ephemeral-spectacle-and-princely-visits-of-prince-mihailo-obrenovic-to,pp. 165–196 (print),Место представља значајан простор анализе у публикацији.,high
R058,conference_paper-2024-ephemeral-spectacle-and-princely-visits-of-prince-mihailo-obrenovic-to,concernsPlace,PL011,conference_paper-2024-ephemeral-spectacle-and-princely-visits-of-prince-mihailo-obrenovic-to,pp. 165–196 (print),Место представља значајан простор анализе у публикацији.,high
R059,P026,heldOfficeIn,I004,conference_paper-2024-ephemeral-spectacle-and-princely-visits-of-prince-mihailo-obrenovic-to,PDF 23,Михаило Јовановић је као митрополит београдски обављао високу црквену функцију у Српској православној цркви.,high
R060,P008,visited,PL002,conference_paper-2024-ephemeral-spectacle-and-princely-visits-of-prince-mihailo-obrenovic-to,pp. 196 (print),Кнез Михаило је документовано посетио Чачак 1861; друга посета је у раду реконструисана као вероватна 1864; закључни преглед наводи две посете.,high
R061,P008,visited,PL005,conference_paper-2024-ephemeral-spectacle-and-princely-visits-of-prince-mihailo-obrenovic-to,pp. 196 (print),Кнез Михаило је током две владавине (1839–1842; 1860–1868) више пута посетио Крагујевац; закључни преглед наводи девет посета.,high
R062,P008,visited,PL006,conference_paper-2024-ephemeral-spectacle-and-princely-visits-of-prince-mihailo-obrenovic-to,pp. 196 (print),Кнез Михаило је током две владавине (1839–1842; 1860–1868) више пута посетио Смедерево; закључни преглед наводи осам посета.,high
R063,P008,visited,PL018,conference_paper-2024-ephemeral-spectacle-and-princely-visits-of-prince-mihailo-obrenovic-to,pp. 196 (print),Документована је посета кнеза Михаила манастиру Жича; у пилоту је временски оквир нормализован на период његових владарских путовања 1840–1868.,high
R064,I001,locatedIn,PL002,conference_paper-2024-ephemeral-spectacle-and-princely-visits-of-prince-mihailo-obrenovic-to,PDF 11,Народни музеј Чачак налази се у Чачку.,high
R065,P008,spouseOf,P009,conference_paper-2024-ephemeral-spectacle-and-princely-visits-of-prince-mihailo-obrenovic-to,PDF 13,Михаило Обреновић и Јулија Хуњади Обреновић били су у браку.,high
R066,P008,descendantOf,P002,conference_paper-2024-ephemeral-spectacle-and-princely-visits-of-prince-mihailo-obrenovic-to,PDF 9,Михаило Обреновић је син и династички потомак Милоша Обреновића.,high
R067,conference_paper-2024-ephemeral-spectacle-and-princely-visits-of-prince-mihailo-obrenovic-to,usesSource,S003,conference_paper-2024-ephemeral-spectacle-and-princely-visits-of-prince-mihailo-obrenovic-to,PDF 13,Цитиране као примарни новински извор за посете кнеза Михаила Обреновића 1840–1841.,high
R068,conference_paper-2024-ephemeral-spectacle-and-princely-visits-of-prince-mihailo-obrenovic-to,usesSource,S010,conference_paper-2024-ephemeral-spectacle-and-princely-visits-of-prince-mihailo-obrenovic-to,PDF 26,Цитиран као примарни извор за посете кнеза Михаила; не мешати са листом Дневник из 1901 (S004).,high
R069,conference_paper-2023-rulers-and-towns-the-press-on-the-visits-of-the-obrenovic-and-karadjor,concernsPerson,P002,conference_paper-2023-rulers-and-towns-the-press-on-the-visits-of-the-obrenovic-and-karadjor,pp. 179–205 (print),Публикација непосредно обрађује личност као значајног актера анализе.,high
R070,conference_paper-2023-rulers-and-towns-the-press-on-the-visits-of-the-obrenovic-and-karadjor,concernsPerson,P004,conference_paper-2023-rulers-and-towns-the-press-on-the-visits-of-the-obrenovic-and-karadjor,PDF 12,Појављује се у реконструкцији раних политичких и династичких односа.,medium
R071,conference_paper-2023-rulers-and-towns-the-press-on-the-visits-of-the-obrenovic-and-karadjor,concernsPerson,P008,conference_paper-2023-rulers-and-towns-the-press-on-the-visits-of-the-obrenovic-and-karadjor,pp. 179–205 (print),Публикација непосредно обрађује личност као значајног актера анализе.,high
R072,conference_paper-2023-rulers-and-towns-the-press-on-the-visits-of-the-obrenovic-and-karadjor,concernsPerson,P010,conference_paper-2023-rulers-and-towns-the-press-on-the-visits-of-the-obrenovic-and-karadjor,PDF 15,Помиње се као важан актер политичког контекста владарских путовања.,medium
R073,conference_paper-2023-rulers-and-towns-the-press-on-the-visits-of-the-obrenovic-and-karadjor,concernsPerson,P012,conference_paper-2023-rulers-and-towns-the-press-on-the-visits-of-the-obrenovic-and-karadjor,PDF 16,Посете кнеза Александра обрађене су као посебна фаза владарске репрезентације.,high
R074,conference_paper-2023-rulers-and-towns-the-press-on-the-visits-of-the-obrenovic-and-karadjor,concernsPerson,P013,conference_paper-2023-rulers-and-towns-the-press-on-the-visits-of-the-obrenovic-and-karadjor,pp. 179–205 (print),Публикација непосредно обрађује личност као значајног актера анализе.,high
R075,conference_paper-2023-rulers-and-towns-the-press-on-the-visits-of-the-obrenovic-and-karadjor,concernsPerson,P014,conference_paper-2023-rulers-and-towns-the-press-on-the-visits-of-the-obrenovic-and-karadjor,pp. 179–205 (print),Публикација непосредно обрађује личност као значајног актера анализе.,high
R076,conference_paper-2023-rulers-and-towns-the-press-on-the-visits-of-the-obrenovic-and-karadjor,concernsPerson,P015,conference_paper-2023-rulers-and-towns-the-press-on-the-visits-of-the-obrenovic-and-karadjor,pp. 179–205 (print),Публикација непосредно обрађује личност као значајног актера анализе.,high
R077,conference_paper-2023-rulers-and-towns-the-press-on-the-visits-of-the-obrenovic-and-karadjor,concernsPerson,P016,conference_paper-2023-rulers-and-towns-the-press-on-the-visits-of-the-obrenovic-and-karadjor,pp. 179–205 (print),Публикација непосредно обрађује личност као значајног актера анализе.,high
R078,conference_paper-2023-rulers-and-towns-the-press-on-the-visits-of-the-obrenovic-and-karadjor,concernsPerson,P024,conference_paper-2023-rulers-and-towns-the-press-on-the-visits-of-the-obrenovic-and-karadjor,pp. 179–205 (print),Публикација непосредно обрађује личност као значајног актера анализе.,high
R079,conference_paper-2023-rulers-and-towns-the-press-on-the-visits-of-the-obrenovic-and-karadjor,concernsPerson,P025,conference_paper-2023-rulers-and-towns-the-press-on-the-visits-of-the-obrenovic-and-karadjor,pp. 179–205 (print),Публикација непосредно обрађује личност као значајног актера анализе.,high
R080,conference_paper-2023-rulers-and-towns-the-press-on-the-visits-of-the-obrenovic-and-karadjor,concernsPlace,PL001,conference_paper-2023-rulers-and-towns-the-press-on-the-visits-of-the-obrenovic-and-karadjor,pp. 179–205 (print),Место представља значајан простор анализе у публикацији.,high
R081,conference_paper-2023-rulers-and-towns-the-press-on-the-visits-of-the-obrenovic-and-karadjor,concernsPlace,PL002,conference_paper-2023-rulers-and-towns-the-press-on-the-visits-of-the-obrenovic-and-karadjor,pp. 179–205 (print),Место представља значајан простор анализе у публикацији.,high
R082,conference_paper-2023-rulers-and-towns-the-press-on-the-visits-of-the-obrenovic-and-karadjor,concernsPlace,PL007,conference_paper-2023-rulers-and-towns-the-press-on-the-visits-of-the-obrenovic-and-karadjor,pp. 179–205 (print),Место представља значајан простор анализе у публикацији.,high
R083,conference_paper-2023-rulers-and-towns-the-press-on-the-visits-of-the-obrenovic-and-karadjor,concernsPlace,PL008,conference_paper-2023-rulers-and-towns-the-press-on-the-visits-of-the-obrenovic-and-karadjor,pp. 179–205 (print),Место представља значајан простор анализе у публикацији.,high
R084,conference_paper-2023-rulers-and-towns-the-press-on-the-visits-of-the-obrenovic-and-karadjor,publishedBy,I003,conference_paper-2023-rulers-and-towns-the-press-on-the-visits-of-the-obrenovic-and-karadjor,front matter,Установа је наведена као издавач публикације.,high
R085,I003,locatedIn,PL007,conference_paper-2023-rulers-and-towns-the-press-on-the-visits-of-the-obrenovic-and-karadjor,PDF 3,Народни музеј Краљево налази се у Краљеву.,high
R086,P012,descendantOf,P001,conference_paper-2023-rulers-and-towns-the-press-on-the-visits-of-the-obrenovic-and-karadjor,PDF 16,Александар Карађорђевић је син и династички потомак Карађорђа Петровића.,high
R087,P025,descendantOf,P024,conference_paper-2023-rulers-and-towns-the-press-on-the-visits-of-the-obrenovic-and-karadjor,PDF 27,Александар I Карађорђевић је син и династички потомак Петра I Карађорђевића.,high
R088,book-2025-usklici-iskrenog-odusevljenja,concernsPerson,P003,book-2025-usklici-iskrenog-odusevljenja,PDF 71,Помиње се у оквиру породичне и династичке меморије Обреновића.,medium
R089,book-2025-usklici-iskrenog-odusevljenja,concernsPerson,P014,book-2025-usklici-iskrenog-odusevljenja,PDF 291,Помиње се у породичном и династичком контексту Обреновића.,medium
R090,book-2025-usklici-iskrenog-odusevljenja,concernsPerson,P015,book-2025-usklici-iskrenog-odusevljenja,pp. 1–308 (print),Публикација непосредно обрађује личност као значајног актера анализе.,high
R091,book-2025-usklici-iskrenog-odusevljenja,concernsPerson,P016,book-2025-usklici-iskrenog-odusevljenja,pp. 1–308 (print),Публикација непосредно обрађује личност као значајног актера анализе.,high
R092,book-2025-usklici-iskrenog-odusevljenja,concernsPerson,P017,book-2025-usklici-iskrenog-odusevljenja,PDF 29,Председник владе у политичком контексту путовања 1901. године.,high
R093,book-2025-usklici-iskrenog-odusevljenja,concernsPerson,P018,book-2025-usklici-iskrenog-odusevljenja,PDF 30,Државни функционер и учесник политичког контекста путовања.,high
R094,book-2025-usklici-iskrenog-odusevljenja,concernsPerson,P019,book-2025-usklici-iskrenog-odusevljenja,PDF 95,Црквени великодостојник укључен у ритуале дочека владарског пара.,high
R095,book-2025-usklici-iskrenog-odusevljenja,concernsPerson,P020,book-2025-usklici-iskrenog-odusevljenja,PDF 99,Официр и учесник церемонијалног програма владарског путовања.,high
R096,book-2025-usklici-iskrenog-odusevljenja,concernsPerson,P021,book-2025-usklici-iskrenog-odusevljenja,PDF 61,"Генерал и командант активне војске, наведен међу учесницима путовања.",high
R097,book-2025-usklici-iskrenog-odusevljenja,concernsPerson,P022,book-2025-usklici-iskrenog-odusevljenja,PDF 118,Изговорио поздрав владарском пару; у монографији дат биографски опис и фотографија.,high
R098,book-2025-usklici-iskrenog-odusevljenja,concernsPerson,P023,book-2025-usklici-iskrenog-odusevljenja,PDF 121,Одржао поздравни говор приликом посете Чачку; у монографији дат биографски опис.,high
R099,book-2025-usklici-iskrenog-odusevljenja,concernsInstitution,I006,book-2025-usklici-iskrenog-odusevljenja,contents,Публикација непосредно обрађује установу или њену историјску улогу.,high
R100,book-2025-usklici-iskrenog-odusevljenja,concernsInstitution,I007,book-2025-usklici-iskrenog-odusevljenja,PDF 104,Укључен у програм путовања као крунидбено и архиепископско средиште.,high
R101,book-2025-usklici-iskrenog-odusevljenja,concernsInstitution,I008,book-2025-usklici-iskrenog-odusevljenja,PDF 152,Посећен током путовања 1901. и повезан са династичком и породичном меморијом.,high
R102,book-2025-usklici-iskrenog-odusevljenja,concernsInstitution,I010,book-2025-usklici-iskrenog-odusevljenja,PDF 29,Помиње се у опису уставног и политичког оквира путовања 1901. године.,high
R103,book-2025-usklici-iskrenog-odusevljenja,concernsInstitution,I011,book-2025-usklici-iskrenog-odusevljenja,PDF 29,Помиње се као део дводомног система уведеног Уставом из 1901. године.,high
R104,book-2025-usklici-iskrenog-odusevljenja,concernsInstitution,I012,book-2025-usklici-iskrenog-odusevljenja,PDF 29,Политички и организациони оквир владарског путовања; у тексту се најчешће означава као Влада.,high
R105,book-2025-usklici-iskrenog-odusevljenja,concernsInstitution,I013,book-2025-usklici-iskrenog-odusevljenja,PDF 119,Организовала је банкет и учествовала у церемонијалном дочеку владарског пара.,high
R106,book-2025-usklici-iskrenog-odusevljenja,concernsInstitution,I014,book-2025-usklici-iskrenog-odusevljenja,PDF 84,Школа и њена зграда били су једна од главних тачака дочека у Краљеву.,high
R107,book-2025-usklici-iskrenog-odusevljenja,concernsPlace,PL001,book-2025-usklici-iskrenog-odusevljenja,contents,Место представља значајан простор анализе у публикацији.,high
R108,book-2025-usklici-iskrenog-odusevljenja,concernsPlace,PL002,book-2025-usklici-iskrenog-odusevljenja,contents,Место представља значајан простор анализе у публикацији.,high
R109,book-2025-usklici-iskrenog-odusevljenja,concernsPlace,PL004,book-2025-usklici-iskrenog-odusevljenja,contents,Место представља значајан простор анализе у публикацији.,high
R110,book-2025-usklici-iskrenog-odusevljenja,concernsPlace,PL005,book-2025-usklici-iskrenog-odusevljenja,contents,Место представља значајан простор анализе у публикацији.,high
R111,book-2025-usklici-iskrenog-odusevljenja,concernsPlace,PL006,book-2025-usklici-iskrenog-odusevljenja,contents,Место представља значајан простор анализе у публикацији.,high
R112,book-2025-usklici-iskrenog-odusevljenja,concernsPlace,PL007,book-2025-usklici-iskrenog-odusevljenja,contents,Место представља значајан простор анализе у публикацији.,high
R113,book-2025-usklici-iskrenog-odusevljenja,concernsPlace,PL008,book-2025-usklici-iskrenog-odusevljenja,contents,Место представља значајан простор анализе у публикацији.,high
R114,book-2025-usklici-iskrenog-odusevljenja,concernsPlace,PL009,book-2025-usklici-iskrenog-odusevljenja,PDF 130,Важна станица владарског путовања кроз западну Србију.,high
R115,book-2025-usklici-iskrenog-odusevljenja,concernsPlace,PL010,book-2025-usklici-iskrenog-odusevljenja,PDF 131,Град обухваћен маршрутом и церемонијалном географијом путовања.,high
R116,book-2025-usklici-iskrenog-odusevljenja,concernsPlace,PL012,book-2025-usklici-iskrenog-odusevljenja,PDF 104,"Град се појављује у ширем поређењу владарских резиденција, путовања и репрезентације.",high
R117,book-2025-usklici-iskrenog-odusevljenja,concernsPlace,PL013,book-2025-usklici-iskrenog-odusevljenja,PDF 142,Кључно место династичке меморије Обреновића и програмска тачка путовања 1901.,high
R118,book-2025-usklici-iskrenog-odusevljenja,concernsPlace,PL014,book-2025-usklici-iskrenog-odusevljenja,PDF 125,Планина и шири простор важан за локални идентитет и маршруту владарског пара.,high
R119,book-2025-usklici-iskrenog-odusevljenja,concernsPlace,PL016,book-2025-usklici-iskrenog-odusevljenja,PDF 122,"Простор западне Србије повезан са путовањем, сакралном географијом и регионалним идентитетом.",high
R120,book-2025-usklici-iskrenog-odusevljenja,concernsPlace,PL018,book-2025-usklici-iskrenog-odusevljenja,PDF 104,"Насеље и простор манастира Жича, важне тачке сакралне и династичке географије.",high
R121,book-2025-usklici-iskrenog-odusevljenja,concernsPlace,PL019,book-2025-usklici-iskrenog-odusevljenja,PDF 152,Насеље у коме се налази манастир повезан са породичном и династичком меморијом.,high
R122,book-2025-usklici-iskrenog-odusevljenja,concernsPlace,PL020,book-2025-usklici-iskrenog-odusevljenja,PDF 127,Транзитна и церемонијална тачка путовања кроз западну Србију.,high
R123,book-2025-usklici-iskrenog-odusevljenja,publishedBy,I001,book-2025-usklici-iskrenog-odusevljenja,imprint,Установа је наведена као издавач публикације.,high
R124,P023,memberOf,I010,book-2025-usklici-iskrenog-odusevljenja,PDF 121,"Драгутин Васић је наведен као народни посланик, односно члан Народне скупштине.",high
R125,P017,heldOfficeIn,I012,book-2025-usklici-iskrenog-odusevljenja,PDF 29,"Михаило Вујић је у време путовања 1901. био председник владе, односно Министарског савета.",high
R126,P019,heldOfficeIn,I004,book-2025-usklici-iskrenog-odusevljenja,PDF 95,Сава Дечанац је као жички епископ обављао црквену функцију у оквиру Српске православне цркве.,high
R127,P022,heldOfficeIn,I013,book-2025-usklici-iskrenog-odusevljenja,PDF 118,Никола Радовановић је наведен као председник општине Чачак.,high
R128,P015,visited,PL002,book-2025-usklici-iskrenog-odusevljenja,pp. 29–308 (print),Документована станица путовања краља Александра и краљице Драге по Србији 1901. године.,high
R129,P015,visited,PL005,book-2025-usklici-iskrenog-odusevljenja,pp. 29–308 (print),Документована станица путовања краља Александра и краљице Драге по Србији 1901. године.,high
R130,P015,visited,PL006,book-2025-usklici-iskrenog-odusevljenja,pp. 29–308 (print),Документована станица путовања краља Александра и краљице Драге по Србији 1901. године.,high
R131,P015,visited,PL007,book-2025-usklici-iskrenog-odusevljenja,pp. 29–308 (print),Документована станица путовања краља Александра и краљице Драге по Србији 1901. године.,high
R132,P015,visited,PL008,book-2025-usklici-iskrenog-odusevljenja,pp. 29–308 (print),Документована станица путовања краља Александра и краљице Драге по Србији 1901. године.,high
R133,P015,visited,PL013,book-2025-usklici-iskrenog-odusevljenja,PDF 142,Краљ Александар Обреновић посетио је Таково као програмску тачку владарског путовања 1901. године.,high
R134,P016,visited,PL002,book-2025-usklici-iskrenog-odusevljenja,pp. 29–308 (print),Документована станица путовања краља Александра и краљице Драге по Србији 1901. године.,high
R135,P016,visited,PL005,book-2025-usklici-iskrenog-odusevljenja,pp. 29–308 (print),Документована станица путовања краља Александра и краљице Драге по Србији 1901. године.,high
R136,P016,visited,PL006,book-2025-usklici-iskrenog-odusevljenja,pp. 29–308 (print),Документована станица путовања краља Александра и краљице Драге по Србији 1901. године.,high
R137,P016,visited,PL007,book-2025-usklici-iskrenog-odusevljenja,pp. 29–308 (print),Документована станица путовања краља Александра и краљице Драге по Србији 1901. године.,high
R138,P016,visited,PL008,book-2025-usklici-iskrenog-odusevljenja,pp. 29–308 (print),Документована станица путовања краља Александра и краљице Драге по Србији 1901. године.,high
R139,P016,visited,PL013,book-2025-usklici-iskrenog-odusevljenja,PDF 142,Краљица Драга Обреновић посетила је Таково као програмску тачку владарског путовања 1901. године.,high
R140,I002,locatedIn,PL002,book-2025-usklici-iskrenog-odusevljenja,PDF 40,Уметничка галерија „Надежда Петровић” је чачанска установа.,high
R141,I007,locatedIn,PL018,book-2025-usklici-iskrenog-odusevljenja,PDF 104,Манастир Жича налази се у простору насеља Жича.,high
R142,I008,locatedIn,PL019,book-2025-usklici-iskrenog-odusevljenja,PDF 152,Манастир Враћевшница налази се у Враћевшници.,high
R143,I010,locatedIn,PL004,book-2025-usklici-iskrenog-odusevljenja,PDF 29,Народна скупштина Краљевине Србије у посматраном периоду делује из Београда.,medium
R144,I011,locatedIn,PL004,book-2025-usklici-iskrenog-odusevljenja,PDF 29,Сенат Краљевине Србије у посматраном периоду делује у Београду.,medium
R145,I012,locatedIn,PL004,book-2025-usklici-iskrenog-odusevljenja,PDF 29,Министарски савет Краљевине Србије у посматраном периоду делује из Београда.,medium
R146,I013,locatedIn,PL002,book-2025-usklici-iskrenog-odusevljenja,PDF 119,Општина Чачак је локална управа Чачка.,high
R147,I014,locatedIn,PL007,book-2025-usklici-iskrenog-odusevljenja,PDF 84,Ратарска школа налази се у Краљеву.,high
R148,P002,spouseOf,P003,book-2025-usklici-iskrenog-odusevljenja,PDF 71,Милош Обреновић и Љубица Вукомановић Обреновић били су у браку.,high
R149,P013,spouseOf,P014,book-2025-usklici-iskrenog-odusevljenja,PDF 291,Милан I Обреновић и Наталија Обреновић били су у браку.,high
R150,P015,spouseOf,P016,book-2025-usklici-iskrenog-odusevljenja,title and throughout,Александар Обреновић и Драга Обреновић чине владарски брачни пар у средишту монографије.,high
R151,book-2025-usklici-iskrenog-odusevljenja,usesSource,S002,book-2025-usklici-iskrenog-odusevljenja,PDF 17,У монографији означене као званично државно гласило и систематски коришћене за реконструкцију путовања 1901.,high
R152,book-2025-usklici-iskrenog-odusevljenja,usesSource,S004,book-2025-usklici-iskrenog-odusevljenja,PDF 33,Запис се односи на лист Дневник коришћен за догађаје из 1901; издавач и место излажења треба накнадно ауторитетски проверити.,high
R153,book-2025-usklici-iskrenog-odusevljenja,usesSource,S005,book-2025-usklici-iskrenog-odusevljenja,PDF 61,Коришћена за извештаје о путовању владарског пара 1901; ауторитетски подаци нису претпостављени.,high
R154,book-2025-usklici-iskrenog-odusevljenja,usesSource,S006,book-2025-usklici-iskrenog-odusevljenja,PDF 33,Коришћена као новински извор за путовање 1901; запис је ограничен на наслов и годину потврђене у публикацији.,high
R155,book-2025-usklici-iskrenog-odusevljenja,usesSource,S007,book-2025-usklici-iskrenog-odusevljenja,PDF 34,Коришћен као новински извор за извештавање о краљевском путовању 1901.,high
R156,book-2025-usklici-iskrenog-odusevljenja,usesSource,S008,book-2025-usklici-iskrenog-odusevljenja,PDF 17,Наведен међу листовима који су извештавали о путовању 1901; појединачни бројеви још нису нормализовани.,high
