local_id,wikidata_qid,wikidata_url,item_type,label_sr,label_en,description_sr,description_en,site_page,related_publication_id,related_cluster_id,relation_to_corpus,status,checked_date,notes
local-modernity-symbolic-power,Q139501155,https://www.wikidata.org/wiki/Q139501155,research_framework,Локална модерност и симболичка моћ у југоисточној Европи,Local modernity and symbolic power in Southeast Europe,,Historiographical framework that interprets processes of modernity through local case studies; emphasizing the role of symbolic power; cultural practices; and political legitimacy in shaping social transformation in Southeast Europe.,https://milos-timotijevic.github.io/knowledge-graph/research/local-modernity-symbolic-power.html,,cacak-local-modernity;cultural-heritage-museums-public-history;culture-nationalism-symbolic-representation;national-ideology-intellectual-debates;political-rituals-symbolic-politics;religious-life-social-practices;war-propaganda-memory,main_framework,checked,2026-06-23,Main framework item; listed as related item inside cluster lists in supplied data.
cacak-local-modernity,Q139413866,https://www.wikidata.org/wiki/Q139413866,research_cluster,Чачак као студија случаја локалне модерности у југоисточној Европи,Čačak as a case study of local modernity in Southeast Europe,,historiographical concept using the town of Čačak as a case study for analyzing processes of local modernity; urban transformation; cultural practices; and political symbolism in Southeast Europe during the 19th and 20th centuries.,https://milos-timotijevic.github.io/knowledge-graph/research/cacak-local-modernity-case-study.html,,cacak-local-modernity,cluster,checked,2026-06-23,Research cluster item; child of the main framework.
political-rituals-symbolic-politics,Q139413904,https://www.wikidata.org/wiki/Q139413904,research_cluster,Политички ритуали и симболичка политика у модерној Србији,Political rituals and symbolic politics in modern Serbia,,historiographical concept analyzing political rituals; public ceremonies; and symbolic practices as instruments of power; legitimacy; and political communication in modern Serbia,https://milos-timotijevic.github.io/knowledge-graph/research/political-rituals-symbolic-politics.html,,political-rituals-symbolic-politics,cluster,checked,2026-06-23,Research cluster item; child of the main framework.
national-ideology-intellectual-debates,Q139569355,https://www.wikidata.org/wiki/Q139569355,research_cluster,Национална идеологија и интелектуалне расправе у модерној Србији,National ideology and intellectual debates in modern Serbia,,historiographical concept focused on the study of national ideology; intellectual debates; and political thought in modern Serbia,https://milos-timotijevic.github.io/knowledge-graph/research/national-ideology-intellectual-debates.html,,national-ideology-intellectual-debates,cluster,checked,2026-06-23,Research cluster item; child of the main framework.
war-propaganda-memory,Q139569742,https://www.wikidata.org/wiki/Q139569742,research_cluster,"Рат, пропаганда и култура сећања у Србији 20. века","War, propaganda and memory in 20th-century Serbia",,historiographical concept analyzing war; propaganda; and collective memory as interconnected processes shaping political narratives and social identities in 20th-century Serbia,https://milos-timotijevic.github.io/knowledge-graph/research/war-propaganda-memory.html,,war-propaganda-memory,cluster,checked,2026-06-23,Research cluster item; child of the main framework.
culture-nationalism-symbolic-representation,Q139569852,https://www.wikidata.org/wiki/Q139569852,research_cluster,"Култура, национализам и симболичка репрезентација у модерној Србији","Culture, nationalism and symbolic representation in modern Serbia",,historiographical concept analyzing cultural production; visual representation; and symbolic practices as mechanisms for constructing national identity and political meaning in modern Serbia,https://milos-timotijevic.github.io/knowledge-graph/research/culture-nationalism-symbolic-representation.html,,culture-nationalism-symbolic-representation,cluster,checked,2026-06-23,Research cluster item; child of the main framework.
cultural-heritage-museums-public-history,Q139570560,https://www.wikidata.org/wiki/Q139570560,research_cluster,"Културно наслеђе, музеји и јавна историја у модерној Србији","Cultural heritage, museums and public history in modern Serbia",,historiographical concept analyzing cultural heritage; museum practices; and public history as forms of identity construction and symbolic representation in modern Serbia,https://milos-timotijevic.github.io/knowledge-graph/research/cultural-heritage-museums-public-history.html,,cultural-heritage-museums-public-history,cluster,checked,2026-06-23,Research cluster item; child of the main framework.
religious-life-social-practices,Q139570614,https://www.wikidata.org/wiki/Q139570614,research_cluster,Религијски живот и друштвене праксе у модерној Србији,Religious life and social practices in modern Serbia,,historiographical concept analyzing religious life; everyday practices; and social behavior as components of cultural and social transformation in modern Serbia,https://milos-timotijevic.github.io/knowledge-graph/research/religious-life-social-practices.html,,religious-life-social-practices,cluster,checked,2026-06-23,Research cluster item; child of the main framework.
book-2025-nadezda-petrovic-life-art-service-nation,Q138001364,https://www.wikidata.org/wiki/Q138001364,book,Надежда Петровић: живот и уметност у служби нације,Nadežda Petrović: Life and Art in the Service of the Nation,,,https://milos-timotijevic.github.io/books/nadezda-petrovic-life-art-service-nation.html,book-2025-nadezda-petrovic-life-art-service-nation,culture-nationalism-symbolic-representation,publication_item,checked,2026-06-23,Publication item listed in supplied cluster data.
book-2025-usklici-iskrenog-odusevljenja,Q138005790,https://www.wikidata.org/wiki/Q138005790,book,Усклици искреног одушевљења: ефемерни спектакл и путовање краља Александра и краљице Драге Обреновић по Србији 1901. године,Exclamations of Sincere Enthusiasm: The Ephemeral Spectacle and the Journey of King Alexander and Queen Draga Obrenović in 1901,,,https://milos-timotijevic.github.io/books/usklici-iskrenog-odusevljenja.html,book-2025-usklici-iskrenog-odusevljenja,political-rituals-symbolic-politics,publication_item,checked,2026-06-23,Publication item listed in supplied cluster data.
book-2016-dragisa-vasic-serbian-national-idea,Q138006665,https://www.wikidata.org/wiki/Q138006665,book,Драгиша Васић (1885–1945) и српска национална идеја,Dragiša Vasić (1885–1945) and the Serbian National Idea,,,https://milos-timotijevic.github.io/books/dragisa-vasic-serbian-national-idea.html,book-2016-dragisa-vasic-serbian-national-idea;book-2019-dragisa-vasic-serbian-national-idea,national-ideology-intellectual-debates,publication_item,checked,2026-06-23,Publication item listed in supplied cluster data. Shared Wikidata item linked to multiple publication/edition records in publications.csv: book-2016-dragisa-vasic-serbian-national-idea;book-2019-dragisa-vasic-serbian-national-idea.
book-2012-balkan-city,Q138007034,https://www.wikidata.org/wiki/Q138007034,book,Модернизација балканског града (1944–1989): компаративна анализа развоја Чачка и Благоевграда у епохи социјализма,Modernization of the Balkan City (1944–1989): A Comparative Analysis of the Development of Čačak and Blagoevgrad in the Socialist Era,,,https://milos-timotijevic.github.io/books/modernizacija-balkanskog-grada.html,book-2012-balkan-city,cacak-local-modernity,publication_item,checked,2026-06-23,Publication item listed in supplied cluster data.
book-2024-ok-manastiri,Q138425264,https://www.wikidata.org/wiki/Q138425264,book,Манастири Овчарско-кабларске клисуре,Monasteries of the Ovčar-Kablar Gorge,,,https://milos-timotijevic.github.io/books/manastiri-ovcarsko-kablarske-klisure.html,book-2024-ok-manastiri,cultural-heritage-museums-public-history;religious-life-social-practices,publication_item,checked,2026-06-23,Publication item listed in 2 supplied clusters.
book-2012-ok-manastiri,Q138425681,https://www.wikidata.org/wiki/Q138425681,book,Манастири Овчарско-кабларске клисуре,Monasteries of the Ovčar-Kablar Gorge,,,https://milos-timotijevic.github.io/books/manastiri-ovcarsko-kablarske-klisure.html,book-2012-ok-manastiri,cultural-heritage-museums-public-history;religious-life-social-practices,publication_item,checked,,Added from the current publications table.
book-2004-ok-manastiri,Q138426978,https://www.wikidata.org/wiki/Q138426978,book,Манастири Овчарско-кабларске клисуре,Monasteries of the Ovčar-Kablar Gorge,,,https://milos-timotijevic.github.io/books/manastiri-ovcarsko-kablarske-klisure.html,book-2004-ok-manastiri,cultural-heritage-museums-public-history;religious-life-social-practices,publication_item,checked,,Added from the current publications table.
article-2025-ritual-and-politics-the-register-of-godparenthood-of-king-alexander-i,Q138470911,https://www.wikidata.org/wiki/Q138470911,article,Ритуал и политика: „Књига кумства” краља Александра I Карађорђевића 1921–1934.,Ritual and Politics: The Register of Godparenthood of King Alexander I Karađorđević (1921–1934),,,https://milos-timotijevic.github.io/articles/ritual-politika-knjiga-kumstva.html,article-2025-ritual-and-politics-the-register-of-godparenthood-of-king-alexander-i,national-ideology-intellectual-debates;political-rituals-symbolic-politics,publication_item,checked,2026-06-23,Publication item listed in 2 supplied clusters.
article-2020-splendor-of-homeland-festivity-visit-of-king-alexander-and-queen-draga,Q138479386,https://www.wikidata.org/wiki/Q138479386,article,Празнични сјај завичајне светковине: посета краља Александра и краљице Драге Чачку 1901. године,Splendor of Homeland Festivity: Visit of King Alexander and Queen Draga to Čačak in 1901,,,,article-2020-splendor-of-homeland-festivity-visit-of-king-alexander-and-queen-draga,political-rituals-symbolic-politics,publication_item,checked,2026-06-23,Publication item listed in supplied cluster data.
article-2018-always-faithful-subjects-a-list-of-persons-who-were-awarded-an-order-o,Q138479916,https://www.wikidata.org/wiki/Q138479916,article,„Вазда” верни поданици: списак особа које су добиле орден на рођендан краљице Драге Обреновић 11. септембра 1901. године,Always Faithful Subjects: A List of Persons Who Were Awarded an Order on the Occasion of Queen Draga’s Birthday on 11 September 1901,,,,article-2018-always-faithful-subjects-a-list-of-persons-who-were-awarded-an-order-o,political-rituals-symbolic-politics,publication_item,checked,2026-06-23,Publication item listed in supplied cluster data.
article-2016-the-cult-of-saints-places-of-remembrance-and-political-myths-example-o,Q138480439,https://www.wikidata.org/wiki/Q138480439,article,"Култ светитеља, места сећања и политички митови: пример манастира Вујан, гробне цркве породице Луњевица","The Cult of Saints, Sites of Memory, and Political Myths: The Example of Vujan Monastery, the Burial Church of the Lunjevica Family",,,https://milos-timotijevic.github.io/articles/kult-svetitelja-mesta-secanja-politicki-mitovi-vujan.html,article-2016-the-cult-of-saints-places-of-remembrance-and-political-myths-example-o,national-ideology-intellectual-debates;political-rituals-symbolic-politics,publication_item,checked,2026-06-23,Publication item listed in 2 supplied clusters.
article-2021-tramvaj-fijaker-bicikl-okupirani-beograd-1941,Q138654626,https://www.wikidata.org/wiki/Q138654626,article,"Трамвај, фијакер и бицикл: саобраћајна свакодневица у окупираном Београду 1941. године","Tram, carriage and bicycle: Everyday traffic in occupied Belgrade in 1941",,,https://milos-timotijevic.github.io/articles/tramvaj-fijaker-bicikl-okupirani-beograd-1941.html,article-2021-tramvaj-fijaker-bicikl-okupirani-beograd-1941,war-propaganda-memory,publication_item,checked,2026-06-23,Publication item listed in supplied cluster data.
article-2019-finansije-jvuo-u-srbiji-1941-1944,Q138654699,https://www.wikidata.org/wiki/Q138654699,article,Finansije JVuO u Srbiji 1941–1944.,"Financing of the Yugoslav Army in the Fatherland of General Mihailović in Serbia, 1941–1944",,,https://milos-timotijevic.github.io/articles/finansije-jvuo-u-srbiji-1941-1944.html,article-2019-finansije-jvuo-u-srbiji-1941-1944,war-propaganda-memory,publication_item,checked,2026-06-23,Publication item listed in supplied cluster data.
book-2018-zlato-cetnika-i-partizana-2018,Q138658723,https://www.wikidata.org/wiki/Q138658723,book,Злато четника и партизана: деконструкција једног мита — финансије и отпор окупатору у Србији и Југославији 1941–1945,Gold of the Chetniks and Partisans: Deconstruction of a Myth — Finances and Resistance to the Occupier in Serbia and Yugoslavia 1941–1945,,,https://milos-timotijevic.github.io/books/zlato-cetnika-i-partizana.html,book-2018-zlato-cetnika-i-partizana-2018,war-propaganda-memory,publication_item,checked,,Added from the current publications table.
book-2019-zlato-cetnika-i-partizana-2019-drugo-izdanje,Q138658776,https://www.wikidata.org/wiki/Q138658776,book,Злато четника и партизана: деконструкција једног мита — финансије и отпор окупатору у Србији и Југославији 1941–1945 [друго издање],Gold of the Chetniks and Partisans: Deconstruction of a Myth — Finances and Resistance to the Occupier in Serbia and Yugoslavia 1941–1945 [second edition],,,https://milos-timotijevic.github.io/books/zlato-cetnika-i-partizana.html,book-2019-zlato-cetnika-i-partizana-2019-drugo-izdanje,war-propaganda-memory,publication_item,checked,,Added from the current publications table.
conference_paper-2024-ephemeral-spectacle-and-princely-visits-of-prince-mihailo-obrenovic-to,Q138744868,https://www.wikidata.org/wiki/Q138744868,conference_paper,Ефемерни спектакл и владарске посете кнеза Михаила Обреновића варошима Србије,Ephemeral Spectacle: The Official Visits of Prince Mihailo Obrenović to Serbian Towns,,,https://milos-timotijevic.github.io/conference-papers/efemerni-spektakl-knez-mihailo.html,conference_paper-2024-ephemeral-spectacle-and-princely-visits-of-prince-mihailo-obrenovic-to,political-rituals-symbolic-politics,publication_item,checked,2026-06-23,Publication item listed in supplied cluster data.
conference_paper-2023-rulers-and-towns-the-press-on-the-visits-of-the-obrenovic-and-karadjor,Q138747994,https://www.wikidata.org/wiki/Q138747994,conference_paper,"Владари и вароши: штампа о посетама Обреновића и Карађорђевића Краљеву, Чачку и Горњем Милановцу","Rulers and Towns: The Press on the Visits of the Obrenović and Karađorđević Dynasties to Kraljevo, Čačak, and Gornji Milanovac",,,https://milos-timotijevic.github.io/conference-papers/vladari-i-varosi.html,conference_paper-2023-rulers-and-towns-the-press-on-the-visits-of-the-obrenovic-and-karadjor,political-rituals-symbolic-politics,publication_item,checked,2026-06-23,Publication item listed in supplied cluster data.
conference_paper-2016-battle-of-ljubic-in-official-representative-culture-of-cacak-in-the-19,Q138748192,https://www.wikidata.org/wiki/Q138748192,conference_paper,Бој на Љубићу у званичној репрезентативној култури Чачка током XIX и XX века,The Battle of Ljubić in the Official Representative Culture of Čačak in the 19th and 20th Centuries,,,https://milos-timotijevic.github.io/conference-papers/boj-na-ljubicu-reprezentativna-kultura-cacka.html,conference_paper-2016-battle-of-ljubic-in-official-representative-culture-of-cacak-in-the-19,culture-nationalism-symbolic-representation,publication_item,checked,2026-06-23,Publication item listed in supplied cluster data.
conference-paper-2019-gradski-centar-arhitektonsko-nasledje-socijalizma-cacak,Q138757156,https://www.wikidata.org/wiki/Q138757156,conference_paper,Градски центар и архитектонско наслеђе социјализма: случај Чачка (1944–1990),City Center and Architectural Heritage of Socialism: The Case of Čačak (1944–1990),,,https://milos-timotijevic.github.io/conference-papers/gradski-centar-arhitektonsko-nasledje-socijalizma-cacak.html,conference-paper-2019-gradski-centar-arhitektonsko-nasledje-socijalizma-cacak,cacak-local-modernity,publication_item,checked,2026-07-14,Verified against the dedicated landing page and its bibliographic metadata.
article-2001-politics-art-and-the-creation-of-traditions-the-erection-of-the-nadezd,Q138824150,https://www.wikidata.org/wiki/Q138824150,article,"Политика, уметност и стварање традиција: подизање споменика Надежди Петровић у Чачку 1955. године","Politics, Art and the Creation of Traditions: The Erection of the Nadežda Petrović Monument in Čačak in 1955",,,https://milos-timotijevic.github.io/articles/politika-umetnost-stvaranje-tradicija.html,article-2001-politics-art-and-the-creation-of-traditions-the-erection-of-the-nadezd,culture-nationalism-symbolic-representation,publication_item,checked,2026-06-23,Publication item listed in supplied cluster data.
conference_paper-2023-red-or-holy-russia-a-comparison-of-miroslav-krlezas-and-dragisa-vasics,Q138824430,https://www.wikidata.org/wiki/Q138824430,conference_paper,„Црвена” или „света” Русија: компарација путописа Мирослава Крлеже и Драгише Васића о првој земљи социјализма,‘Red’ or ‘Holy’ Russia: A Comparison of Miroslav Krleža’s and Dragiša Vasić’s Travelogues on the First Country of Socialism,,,https://milos-timotijevic.github.io/conference-papers/crvena-ili-sveta-rusija-krleza-vasic.html,conference_paper-2023-red-or-holy-russia-a-comparison-of-miroslav-krlezas-and-dragisa-vasics,national-ideology-intellectual-debates,publication_item,checked,2026-06-23,Publication item listed in supplied cluster data.
conference_paper-2021-the-city-and-occupation-everyday-life-in-cacak-in-1941,Q138837172,https://www.wikidata.org/wiki/Q138837172,conference_paper,Град и окупација – свакодневни живот Чачка 1941. године,The City and Occupation: Everyday Life in Čačak in 1941,,,https://milos-timotijevic.github.io/conference-papers/grad-i-okupacija-svakodnevni-zivot-cacka-1941.html,conference_paper-2021-the-city-and-occupation-everyday-life-in-cacak-in-1941,war-propaganda-memory,publication_item,checked,2026-06-23,Publication item listed in supplied cluster data.
conference_paper-2021-vojnici-smrt-nadgrobna-obelezja-2021-pun-rad,Q138839085,https://www.wikidata.org/wiki/Q138839085,conference_paper,"Војници, смрт и надгробна обележја: приватно сећање на Велики рат у западној Србији","Soldiers, Death and Tombstone Markings: Private Memories of the Great War in Western Serbia",,,https://milos-timotijevic.github.io/conference-papers/vojnici-smrt-nadgrobna-obelezja-veliki-rat.html,conference_paper-2021-vojnici-smrt-nadgrobna-obelezja-2021-pun-rad,religious-life-social-practices,publication_item,checked,2026-06-23,Publication item listed in supplied cluster data.
conference_paper-2022-interwar-attitudes-bishop-nikolaj-velimirovic-communists,Q138841640,https://www.wikidata.org/wiki/Q138841640,conference_paper,,Interwar Attitudes of Bishop Nikolaj Velimirović toward the Communists,,,https://milos-timotijevic.github.io/conference-papers/interwar-attitudes-bishop-nikolaj-velimirovic-communists.html,conference_paper-2022-interwar-attitudes-bishop-nikolaj-velimirovic-communists,national-ideology-intellectual-debates,publication_item,checked,2026-06-23,Publication item listed in supplied cluster data.
conference-paper-2021-dodjite-da-locete-srpsku-krv-saveznicko-bombardovanje-srbije-1943-1944,Q138849395,https://www.wikidata.org/wiki/Q138849395,conference_paper,"„Дођите да лочете српску крв, хијене англоамеричке!”: савезничко бомбардовање Србије 1943–1944. и пропаганда колаборационистичке штампе","“Come and Drink Serbian Blood, You Anglo-American Hyenas!”: The Allied Bombing of Serbia 1943–1944 and the Propaganda of the Collaborationist Press",,,https://milos-timotijevic.github.io/conference-papers/dodjite-da-locete-srpsku-krv-saveznicko-bombardovanje-srbije-1943-1944-propaganda.html,conference-paper-2021-dodjite-da-locete-srpsku-krv-saveznicko-bombardovanje-srbije-1943-1944,war-propaganda-memory,publication_item,checked,2026-07-14,Verified against the dedicated landing page and its embedded bibliographic metadata; work and edition distinctions preserved.
conference_paper-2008-dragisa-vasic-and-srpski-glas-an-unfinished-national-project,Q138857871,https://www.wikidata.org/wiki/Q138857871,conference_paper,Драгиша Васић и „Српски глас”: један незавршени национални пројекат,Dragiša Vasić and “Srpski glas”: An Unfinished National Project,,,,conference_paper-2008-dragisa-vasic-and-srpski-glas-an-unfinished-national-project,national-ideology-intellectual-debates,publication_item,checked,2026-06-23,Publication item listed in supplied cluster data.
book-chapter-2007-grad-u-unutrasnjosti,Q138862911,https://www.wikidata.org/wiki/Q138862911,book_chapter,"Град у унутрашњости: облици, простори и границе приватног и јавног у 20. веку","Town in the Interior: Forms, Spaces and Boundaries of Private and Public in the 20th Century",,,https://milos-timotijevic.github.io/book-chapters/grad-u-unutrasnjosti.html,book-chapter-2007-grad-u-unutrasnjosti,cacak-local-modernity,publication_item,checked,2026-07-14,Verified chapter item; containing book is Q138862869.
book-chapter-2013-the-long-road-to-the-establishment-of-the-national-museum-in-cacak,Q138869770,https://www.wikidata.org/wiki/Q138869770,book_chapter,Дуг пут оснивања Музеја у Чачку,The Long Road to the Establishment of the National Museum in Čačak,,,,book-chapter-2013-the-long-road-to-the-establishment-of-the-national-museum-in-cacak,cultural-heritage-museums-public-history,publication_item,checked,2026-06-23,Publication item listed in supplied cluster data.
book-chapter-2013-sest-decenija-rada-narodnog-muzeja-cacak-1952-2012,Q138869859,https://www.wikidata.org/wiki/Q138869859,book_chapter,Шест деценија рада Народног музеја у Чачку (1952–2012),Six Decades of Work of the National Museum in Čačak (1952–2012),,,https://milos-timotijevic.github.io/book-chapters/sest-decenija-rada-narodnog-muzeja-cacak-1952-2012.html,book-chapter-2013-sest-decenija-rada-narodnog-muzeja-cacak-1952-2012,cultural-heritage-museums-public-history,publication_item,checked,2026-07-14,Verified against the dedicated landing page and its embedded bibliographic metadata; work and edition distinctions preserved.
book-chapter-2022-miroslav-jovanovic-drustvena-istorija,Q138872140,https://www.wikidata.org/wiki/Q138872140,book_chapter,Мирослав Јовановић и друштвена историја,Miroslav Jovanović and Social History,,,https://milos-timotijevic.github.io/book-chapters/miroslav-jovanovic-drustvena-istorija.html,book-chapter-2022-miroslav-jovanovic-drustvena-istorija,national-ideology-intellectual-debates,publication_item,checked,2026-06-23,Publication item listed in supplied cluster data.
book-chapter-2018-plavi-horizonti-radojko-nikolic,Q138872779,https://www.wikidata.org/wiki/Q138872779,book_chapter,Плави хоризонти Радојка Николића: од микроисторије до социјалне антропологије,Blue Horizons of Radojko Nikolić: From Microhistory to Social Anthropology,,,https://milos-timotijevic.github.io/book-chapters/plavi-horizonti-radojko-nikolic.html,book-chapter-2018-plavi-horizonti-radojko-nikolic,national-ideology-intellectual-debates,publication_item,checked,2026-07-14,Verified against the dedicated landing page and its embedded bibliographic metadata; work and edition distinctions preserved.
book-2005-carnival-in-guca-trumpet-festival-1961-2004,Q138912053,https://www.wikidata.org/wiki/Q138912053,book,Карневал у Гучи: Сабор трубача 1961–2004,Carnival in Guča: Trumpet Festival 1961–2004,,,https://milos-timotijevic.github.io/books/karneval-u-guci.html,book-2005-carnival-in-guca-trumpet-festival-1961-2004,culture-nationalism-symbolic-representation,publication_item,checked,2026-06-23,Publication item listed in supplied cluster data.
guidebook-2006-manastiri-ovcarsko-kablarske-klisure-vodic-2006,Q138940681,https://www.wikidata.org/wiki/Q138940681,guidebook,Манастири Овчарско-кабларске клисуре: водич,Monasteries of the Ovčar–Kablar Gorge: Guide,,,,guidebook-2006-manastiri-ovcarsko-kablarske-klisure-vodic-2006,cultural-heritage-museums-public-history,publication_item,checked,2026-06-23,Publication item listed in supplied cluster data.
guidebook-2014-manastiri-ovcarsko-kablarske-klisure-vodic-2014-drugo-izdanje,Q138941360,https://www.wikidata.org/wiki/Q138941360,guidebook,Манастири Овчарско-кабларске клисуре: водич [друго допуњено и измењено издање],Monasteries of the Ovčar–Kablar Gorge: Guide [second revised and expanded edition],,,,guidebook-2014-manastiri-ovcarsko-kablarske-klisure-vodic-2014-drugo-izdanje,cultural-heritage-museums-public-history,publication_item,checked,,Added from the current publications table.
book-2008-kulturna-riznica-cacka,Q139055651,https://www.wikidata.org/wiki/Q139055651,book,Културна ризница Чачка: од праисторије до савременог доба,Cultural Treasury of Čačak: From Prehistory to the Present Time,,,https://milos-timotijevic.github.io/books/kulturna-riznica-cacka.html,book-2008-kulturna-riznica-cacka,cultural-heritage-museums-public-history,publication_item,checked,2026-06-23,Publication item listed in supplied cluster data.
book-2021-hram-vaznesenja-gospodnjeg-u-cacku,Q139064421,https://www.wikidata.org/wiki/Q139064421,book,Храм Светог Вазнесења Господњег у Чачку,The Church of the Holy Ascension of Christ in Čačak,,,https://milos-timotijevic.github.io/books/hram-vaznesenja-gospodnjeg-u-cacku.html,book-2021-hram-vaznesenja-gospodnjeg-u-cacku,cultural-heritage-museums-public-history,publication_item,checked,2026-07-14,Separate 2021 work; dedicated landing page also records edition item Q139065118.
guidebook-2011-crkva-svetog-vaznesenja-hristovog-u-cacku,Q139066613,https://www.wikidata.org/wiki/Q139066613,guidebook,Црква Светог Вазнесења Христовог у Чачку,The Church of the Holy Ascension of Christ in Čačak: Guide,,,,guidebook-2011-crkva-svetog-vaznesenja-hristovog-u-cacku,cultural-heritage-museums-public-history,publication_item,checked,2026-07-14,Separate 2011 guide/work; not the same work as Q139064421.
book-2005-treasury-of-the-past-the-ovcar-kablar-gorge-and-its-monasteries,Q139069298,https://www.wikidata.org/wiki/Q139069298,book,Ризница прошлости: Овчарско-кабларска клисура и њени манастири,Treasury of the Past: The Ovčar–Kablar Gorge and Its Monasteries,,,https://www.cacakmuzej.org.rs/bio_drajic.html,book-2005-treasury-of-the-past-the-ovcar-kablar-gorge-and-its-monasteries,cultural-heritage-museums-public-history;religious-life-social-practices,publication_item,checked,2026-06-23,Publication item listed in 2 supplied clusters.
catalogue-2010-album-of-old-cacak-1870-1941,Q139082445,https://www.wikidata.org/wiki/Q139082445,catalogue,Албум старог Чачка: 1870–1941,Album of Old Čačak: 1870–1941,,,https://milos-timotijevic.github.io/catalogues/album-starog-cacka-1870-1941.html,catalogue-2010-album-of-old-cacak-1870-1941,cultural-heritage-museums-public-history,publication_item,checked,2026-06-23,Publication item listed in supplied cluster data.
book-chapter-2020-the-serbian-national-idea-a-brief-overview-of-the-formation-of-a-cultu,Q139096645,https://www.wikidata.org/wiki/Q139096645,book_chapter,Српска национална идеја — кратак преглед обликовања једног културног обрасца,The Serbian National Idea – A Brief Overview of the Formation of a Cultural Pattern,,,,book-chapter-2020-the-serbian-national-idea-a-brief-overview-of-the-formation-of-a-cultu,national-ideology-intellectual-debates,publication_item,checked,2026-06-23,Publication item listed in supplied cluster data.
book-2002-zatamnjena-proslost-1,Q139119475,https://www.wikidata.org/wiki/Q139119475,book,Затамњена прошлост: историја равногораца чачанског краја. Књ. 1: У пламену устанка — ратна 1941. година,Darkened Past: A History of the Ravna Gora Movement in the Čačak Region. Vol. 1: In the Flames of the Uprising — The War Year 1941,,,,book-2002-zatamnjena-proslost-1,war-propaganda-memory,publication_item,needs_update,,Added from the current publications table.
book-2003-zatamnjena-proslost-2,Q139119914,https://www.wikidata.org/wiki/Q139119914,book,Затамњена прошлост: историја равногораца чачанског краја. Књ. 2: Слепа мржња и крвава освета — окупација и грађански рат 1942–1943. године,"Darkened Past: A History of the Ravna Gora Movement in the Čačak Region. Vol. 2: Blind Hatred and Bloody Revenge — Occupation and Civil War, 1942–1943",,,,book-2003-zatamnjena-proslost-2,war-propaganda-memory,publication_item,needs_update,,Added from the current publications table.
book-2004-zatamnjena-proslost-3,Q139146251,https://www.wikidata.org/wiki/Q139146251,book,Затамњена прошлост: историја равногораца чачанског краја. Књ. 3: Агонија и слом — ратне 1944. и 1945. године,Darkened Past: A History of the Ravna Gora Movement in the Čačak Region. Vol. 3: Agony and Collapse — The War Years 1944 and 1945,,,,book-2004-zatamnjena-proslost-3,war-propaganda-memory,publication_item,needs_update,,Added from the current publications table.
book-2006-osvetljavanje-istine-1,Q139146940,https://www.wikidata.org/wiki/Q139146940,book,Осветљавање истине: документа за политичку и војну историју Чачка 1938–1941. Књ. 1,"Illuminating the Truth: Documents for the Political and Military History of Čačak, 1938–1941. Vol. 1",,,,book-2006-osvetljavanje-istine-1,cacak-local-modernity;war-propaganda-memory,publication_item,needs_update,,Added from the current publications table.
book-2006-the-sokol-movement-in-cacak-1910-1941,Q139255236,https://www.wikidata.org/wiki/Q139255236,book,Соколи Чачка 1910–1941,"The Sokol Movement in Čačak, 1910–1941",,,https://milos-timotijevic.github.io/books/sokoli-cacka.html,book-2006-the-sokol-movement-in-cacak-1910-1941,culture-nationalism-symbolic-representation,publication_item,checked,2026-06-23,Publication item listed in supplied cluster data.
catalogue-2006-sokolsko-drustvo-u-cacku-1910-1941,Q139255454,https://www.wikidata.org/wiki/Q139255454,catalogue,Соколско друштво у Чачку 1910–1941,Sokolsko društvo u Čačku: 1910–1941,,,https://milos-timotijevic.github.io/catalogues/sokolsko-drustvo-u-cacku-1910-1941.html,catalogue-2006-sokolsko-drustvo-u-cacku-1910-1941,cultural-heritage-museums-public-history,publication_item,checked,2026-06-23,Publication item listed in supplied cluster data.
book-2009-a-century-of-doubt-religious-life-in-the-cacak-district-1886-2008,Q139303677,https://www.wikidata.org/wiki/Q139303677,book,Век сумње: религиозност у чачанском крају 1886–2008,"A Century of Doubt: Religious Life in the Čačak District, 1886–2008",,,https://milos-timotijevic.github.io/books/vek-sumnje-religioznost.html,book-2009-a-century-of-doubt-religious-life-in-the-cacak-district-1886-2008,religious-life-social-practices,publication_item,checked,2026-06-23,Publication item listed in supplied cluster data.
catalogue-2013-cacak-in-the-era-of-socialism-1944-1990-photography-as-a-representatio,Q139332468,https://www.wikidata.org/wiki/Q139332468,catalogue,Чачак у доба социјализма (1944–1990): фотографија као репрезент политичке моћи,Čačak in the Era of Socialism (1944–1990): Photography as a Representation of Political Power,,,https://milos-timotijevic.github.io/catalogues/cacak-u-doba-socijalizma.html,catalogue-2013-cacak-in-the-era-of-socialism-1944-1990-photography-as-a-representatio,cacak-local-modernity;culture-nationalism-symbolic-representation,publication_item,checked,2026-06-23,Publication item listed in 2 supplied clusters.
catalogue-2015-seventy-years-since-the-victory-over-fascism-1945-2015,Q139378720,https://www.wikidata.org/wiki/Q139378720,catalogue,Седамдесет година од победе над фашизмом (1945–2015),Seventy Years Since the Victory over Fascism (1945–2015),,,https://milos-timotijevic.github.io/catalogues/sedamdeset-godina-od-pobede-nad-fasizmom-1945-2015.html,catalogue-2015-seventy-years-since-the-victory-over-fascism-1945-2015,cultural-heritage-museums-public-history;war-propaganda-memory,publication_item,checked,2026-06-23,Publication item listed in 2 supplied clusters.
book-2015-zvonko-vuckovic-ratna-biografija,Q139378954,https://www.wikidata.org/wiki/Q139378954,book,Звонко Вучковић: ратна биографија 1941–1944: расправа о проблемима прошлости и садашњости,Zvonko Vučković: A Wartime Biography 1941–1944: A Debate on the Problems of Past and Present,,,https://milos-timotijevic.github.io/books/zvonko-vuckovic-ratna-biografija.html,book-2015-zvonko-vuckovic-ratna-biografija,war-propaganda-memory,publication_item,checked,2026-06-23,Publication item listed in supplied cluster data.
article-2015-zvonimir-zvonko-vuckovic-biografija-dokumenta-secanja,Q139385765,https://www.wikidata.org/wiki/Q139385765,article,"Звонимир Звонко Вучковић (1916–2004): биографија, документа, сећања","Zvonimir Zvonko Vučković (1916–2004): Biography, Documents, Memories",,,https://milos-timotijevic.github.io/articles/zvonimir-zvonko-vuckovic-biografija-dokumenta-secanja.html,article-2015-zvonimir-zvonko-vuckovic-biografija-dokumenta-secanja,war-propaganda-memory,publication_item,checked,2026-07-14,Verified against the dedicated landing page and its embedded bibliographic metadata; work and edition distinctions preserved.
book-2019-brave-partisans-evil-chetniks,Q139385880,https://www.wikidata.org/wiki/Q139385880,book,„Храбри“ партизани и „зли“ четници: студије о Србији у Другом светском рату (1941–1945),"“Brave” Partisans and “Evil” Chetniks: Studies on Serbia in the Second World War, 1941–1945",,,https://milos-timotijevic.github.io/books/brave-partisans-evil-chetniks.html,book-2019-brave-partisans-evil-chetniks,culture-nationalism-symbolic-representation;war-propaganda-memory,publication_item,checked,2026-07-14,Verified against the dedicated landing page and its embedded bibliographic metadata; work and edition distinctions preserved.
book-2020-brave-partisans-evil-chetniks,Q139386073,https://www.wikidata.org/wiki/Q139386073,book,„Храбри“ партизани и „зли“ четници: студије о Србији у Другом светском рату (1941–1945),"“Brave” Partisans and “Evil” Chetniks: Studies on Serbia in the Second World War, 1941–1945",,,https://milos-timotijevic.github.io/books/brave-partisans-evil-chetniks.html,book-2020-brave-partisans-evil-chetniks,culture-nationalism-symbolic-representation;war-propaganda-memory,publication_item,checked,,Added from the current publications table.
book-2022-brave-partisans-evil-chetniks,Q139386130,https://www.wikidata.org/wiki/Q139386130,book,„Храбри“ партизани и „зли“ четници: студије о Србији у Другом светском рату (1941–1945),"“Brave” Partisans and “Evil” Chetniks: Studies on Serbia in the Second World War, 1941–1945",,,https://milos-timotijevic.github.io/books/brave-partisans-evil-chetniks.html,book-2022-brave-partisans-evil-chetniks,culture-nationalism-symbolic-representation;war-propaganda-memory,publication_item,checked,,Added from the current publications table.
book-2019-memorial-book-of-those-killed-in-the-wars-of-1991-2000-from-the-kralje,Q139393885,https://www.wikidata.org/wiki/Q139393885,book,Споменица погинулих у ратовима 1991–2000. године са подручја Краљева,Memorial Book of Those Killed in the Wars of 1991–2000 from the Kraljevo Area,,,https://milos-timotijevic.github.io/books/spomenica-poginulih-kraljevo.html,book-2019-memorial-book-of-those-killed-in-the-wars-of-1991-2000-from-the-kralje,cultural-heritage-museums-public-history;war-propaganda-memory,publication_item,checked,2026-06-23,Publication item listed in 2 supplied clusters.
book-2020-operation-halyard-war-propaganda-the-bombing-of-serbian-cities-and-the,Q139412435,https://www.wikidata.org/wiki/Q139412435,book,"Мисија „Халијард”: ратна пропаганда, бомбардовање српских градова и евакуација савезничких авијатичара 1943–1944. године","Operation “Halyard”: War Propaganda, the Bombing of Serbian Cities, and the Evacuation of Allied Airmen, 1943–1944",,,https://milos-timotijevic.github.io/books/misija-halyard.html,book-2020-operation-halyard-war-propaganda-the-bombing-of-serbian-cities-and-the,political-rituals-symbolic-politics;war-propaganda-memory,publication_item,checked,2026-06-23,Publication item listed in 2 supplied clusters.
article-2019-jugoslovenska-vojska-u-otadzbini-americki-avijaticari-b24-liberator-rakova-cacak,Q139413108,https://www.wikidata.org/wiki/Q139413108,article,Југословенска војска у отаџбини и амерички авијатичари: пример спасавања и евакуација посаде авиона B-24 Либератор који је пао у село Ракова поред Чачка,The Yugoslav Army in the Fatherland and American Aviators: An Example of the Rescue and Evacuation of a B-24 Liberator Crew Crashed in the Village of Rakova near Čačak,,,https://milos-timotijevic.github.io/articles/jugoslovenska-vojska-u-otadzbini-americki-avijaticari-b24-liberator-rakova-cacak.html,article-2019-jugoslovenska-vojska-u-otadzbini-americki-avijaticari-b24-liberator-rakova-cacak,political-rituals-symbolic-politics;war-propaganda-memory,publication_item,checked,2026-07-14,Verified against the dedicated landing page and its bibliographic metadata.
article-2024-icon-halyard-an-example-of-contemporary-construction-of-the-serbian-am,Q139413207,https://www.wikidata.org/wiki/Q139413207,article,„Икона Халијард”: један пример савременог конструисања српско-америчког савезништва у Другом светском рату,“Icon Halyard”: An Example of Contemporary Construction of the Serbian-American Alliance in World War II,,,https://milos-timotijevic.github.io/articles/ikona-halyard.html,article-2024-icon-halyard-an-example-of-contemporary-construction-of-the-serbian-am,culture-nationalism-symbolic-representation;war-propaganda-memory,publication_item,checked,2026-06-23,Publication item listed in 2 supplied clusters.
book-2022-myths-of-recent-serbian-history,Q139439391,https://www.wikidata.org/wiki/Q139439391,book,Митови новије српске историје,Myths of Recent Serbian History,,,https://milos-timotijevic.github.io/books/mitovi-novije-srpske-istorije.html,book-2022-myths-of-recent-serbian-history,national-ideology-intellectual-debates;war-propaganda-memory,publication_item,checked,2026-06-23,Publication item listed in 2 supplied clusters.
book-2023-cacak-grad-kosarke,Q139439617,https://www.wikidata.org/wiki/Q139439617,book,Како је Чачак постао град кошарке (1945–1969): спорт и идентитет,"How Čačak Became the City of Basketball, 1945–1969: Sport and Identity",,,https://milos-timotijevic.github.io/books/kako-je-cacak-postao-grad-kosarke.html,book-2023-cacak-grad-kosarke,cacak-local-modernity;culture-nationalism-symbolic-representation,publication_item,checked,2026-06-23,Publication item listed in 2 supplied clusters.
article-2023-the-concept-of-the-permanent-exhibition-of-the-museum-of-basketball-in,Q139471005,https://www.wikidata.org/wiki/Q139471005,article,Концепт сталне поставке „Музеја кошарке” у Чачку,Concept of the Permanent Exhibition of the “Basketball Museum” in Čačak,,,,article-2023-the-concept-of-the-permanent-exhibition-of-the-museum-of-basketball-in,cacak-local-modernity;cultural-heritage-museums-public-history,publication_item,checked,2026-06-23,Publication item listed in 2 supplied clusters.
article-2023-kosarka-konstrukcija-lokalnog-identiteta-cacka,Q139487858,https://www.wikidata.org/wiki/Q139487858,article,Кошарка и конструкција локалног идентитета Чачка,Basketball and the Creation of the Local Identity of Čačak,,,https://milos-timotijevic.github.io/articles/kosarka-konstrukcija-lokalnog-identiteta-cacka.html,article-2023-kosarka-konstrukcija-lokalnog-identiteta-cacka,cacak-local-modernity,publication_item,checked,2026-07-14,Verified against the dedicated landing page and its bibliographic metadata.
article-2022-basketball-in-cacak-1940-1951,Q139488068,https://www.wikidata.org/wiki/Q139488068,article,"Кошарка у Чачку, 1940–1951.","Basketball in Čačak, 1940–1951",,,,article-2022-basketball-in-cacak-1940-1951,cacak-local-modernity,publication_item,checked,2026-06-23,Publication item listed in supplied cluster data.
article-1998-the-balkan-alliance-1953-1954-and-the-yugoslav-media-image-of-the-poli,Q139496049,https://www.wikidata.org/wiki/Q139496049,article,Балкански савез 1953–1954. и југословенска медијска слика политичког и географског окружења,The Balkan Alliance 1953–1954 and the Yugoslav Media Image of the Political and Geographical Environment,,,https://milos-timotijevic.github.io/articles/balkanski-savez-1953-1954-jugoslovenska-medijska-slika.html,article-1998-the-balkan-alliance-1953-1954-and-the-yugoslav-media-image-of-the-poli,culture-nationalism-symbolic-representation,publication_item,checked,2026-06-23,Publication item listed in supplied cluster data.
article-2002-the-beginning-of-the-civil-war-in-the-region-of-cacak-in-1941,Q139496274,https://www.wikidata.org/wiki/Q139496274,article,Почетак грађанског рата у чачанском крају 1941,The Beginning of the Civil War in the Region of Čačak in 1941,,,https://www.cacakmuzej.org.rs/files/bib_mtimotijevic.pdf,article-2002-the-beginning-of-the-civil-war-in-the-region-of-cacak-in-1941,war-propaganda-memory,publication_item,checked,2026-06-23,Publication item listed in supplied cluster data.
article-2004-the-day-after-the-destruction-of-the-yugoslav-army-in-the-fatherland-a,Q139496415,https://www.wikidata.org/wiki/Q139496415,article,Дан после: уништавање организације ЈВуО и успостављање власти комуниста у чачанском крају крајем 1944. и почетком 1945. године,“The Day After”: The Destruction of the Yugoslav Army in the Fatherland and the Establishment of Communist Rule in the Čačak Region (1944–1945),,,,article-2004-the-day-after-the-destruction-of-the-yugoslav-army-in-the-fatherland-a,war-propaganda-memory,publication_item,checked,2026-06-23,Publication item listed in supplied cluster data.
article-2003-woman-and-war-the-other-side-of-the-occupation-1941-1945-in-the-cacak,Q139497183,https://www.wikidata.org/wiki/Q139497183,article,Жена и рат: „друга страна” окупације 1941–1945. године на простору чачанског краја,Woman and War: The “Other Side” of the Occupation (1941–1945) in the Čačak Region,,,https://milos-timotijevic.github.io/articles/zena-i-rat-druga-strana-okupacije-1941-1945-cacanski-kraj.html,article-2003-woman-and-war-the-other-side-of-the-occupation-1941-1945-in-the-cacak,war-propaganda-memory,publication_item,checked,2026-06-23,Publication item listed in supplied cluster data.
article-2007-prostitucija-u-cacku-tokom-xx-veka,Q139500857,https://www.wikidata.org/wiki/Q139500857,article,Проституција у Чачку током XX века,Prostitution in Čačak during the 20th Century,,,https://milos-timotijevic.github.io/articles/prostitucija-u-cacku-tokom-xx-veka.html,article-2007-prostitucija-u-cacku-tokom-xx-veka,cacak-local-modernity,publication_item,checked,2026-07-14,Verified against the dedicated landing page and its bibliographic metadata.
article-2007-religiosity-of-final-year-primary-school-students-in-the-cacak-region,Q139501095,https://www.wikidata.org/wiki/Q139501095,article,Религиозност ученика завршних разреда основних школа у чачанском крају: анкетно испитивање из 1985. године,Religiosity of Final-Year Primary School Students in the Čačak Region: A Survey from 1985,,,https://www.inisbgd.co.rs/celo/2007_1.pdf,article-2007-religiosity-of-final-year-primary-school-students-in-the-cacak-region,religious-life-social-practices,publication_item,checked,2026-06-23,Publication item listed in supplied cluster data.
article-2006-neglected-lords-orchard-religiosity-in-the-cacak-region-during-the-20t,Q139505986,https://www.wikidata.org/wiki/Q139505986,article,„Запуштен виноград Господњи”: религиозност у чачанском крају током XX века (први део),“Neglected Lord’s Orchard”: Religiosity in the Čačak Region during the 20th Century (Part I),,,,article-2006-neglected-lords-orchard-religiosity-in-the-cacak-region-during-the-20t,religious-life-social-practices,publication_item,checked,2026-06-23,Publication item listed in supplied cluster data.
article-2007-between-old-and-new-religion-religiosity-in-the-cacak-region-during-th,Q139507189,https://www.wikidata.org/wiki/Q139507189,article,Између „старе” и „нове” вере: религиозност у чачанском крају током XX века (други део),Between “Old” and “New” Religion: Religiosity in the Čačak Region during the 20th Century (Part II),,,,article-2007-between-old-and-new-religion-religiosity-in-the-cacak-region-during-th,religious-life-social-practices,publication_item,checked,2026-06-23,Publication item listed in supplied cluster data.
article-2008-monastery-of-stjenik-at-the-foot-of-jelica-mountain-real-and-invented,Q139512370,https://www.wikidata.org/wiki/Q139512370,article,Манастир Стјеник под Јелицом: стварна и измишљена традиција,Monastery of Stjenik at the Foot of Jelica Mountain: Real and Invented Traditions,,,https://milos-timotijevic.github.io/articles/manastir-stjenik-pod-jelicom.html,article-2008-monastery-of-stjenik-at-the-foot-of-jelica-mountain-real-and-invented,culture-nationalism-symbolic-representation;religious-life-social-practices,publication_item,checked,2026-06-23,Publication item listed in 2 supplied clusters.
article-2007-storm-winds-blew-bishop-nikolaj-velimirovics-attitudes-toward-jews-lib,Q139514358,https://www.wikidata.org/wiki/Q139514358,article,"„Дунули су вихорни ветрови”: ставови епископа Николаја Велимировића о Јеврејима, либерализму, комунизму и нацизму у штампи Жичке епархије пред Други светски рат","“Storm Winds Blew”: Bishop Nikolaj Velimirović’s Attitudes toward Jews, Liberalism, Communism, and Nazism in the Žiča Eparchy Press before World War II",,,https://milos-timotijevic.github.io/articles/dunuli-su-vihorni-vetrovi-nikolaj-velimirovic.html,article-2007-storm-winds-blew-bishop-nikolaj-velimirovics-attitudes-toward-jews-lib,national-ideology-intellectual-debates,publication_item,checked,2026-06-23,Publication item listed in supplied cluster data.
article-2015-communism-as-a-new-religion,Q139526047,https://www.wikidata.org/wiki/Q139526047,article,Комунизам као нова религија,Communism as a New Religion,,,https://milos-timotijevic.github.io/articles/komunizam-kao-nova-religija.html,article-2015-communism-as-a-new-religion,national-ideology-intellectual-debates;political-rituals-symbolic-politics,publication_item,checked,2026-06-23,Publication item listed in 2 supplied clusters.
article-2021-deca-svetog-save-zavetna-zajednica,Q139528747,https://www.wikidata.org/wiki/Q139528747,article,Деца Светог Саве: порекло и смисао заветне заједнице код Срба,The Children of Saint Sava: The Origin and Meaning of the Covenantal Community Among Serbs,,,https://milos-timotijevic.github.io/articles/deca-svetog-save-zavetna-zajednica.html,article-2021-deca-svetog-save-zavetna-zajednica,national-ideology-intellectual-debates;political-rituals-symbolic-politics,publication_item,checked,2026-07-14,Verified against the dedicated landing page and its bibliographic metadata.
article-2017-legends-of-the-buried-treasure-of-western-serbia,Q139539967,https://www.wikidata.org/wiki/Q139539967,article,Легенде о закопаном благу Западне Србије,Legends of the Buried Treasure of Western Serbia,,,https://milos-timotijevic.github.io/articles/legende-o-zakopanom-blagu-zapadne-srbije.html,article-2017-legends-of-the-buried-treasure-of-western-serbia,political-rituals-symbolic-politics,publication_item,checked,2026-06-23,Publication item listed in supplied cluster data.
article-2018-sudbina-srebra-uzicke-republike,Q139540111,https://www.wikidata.org/wiki/Q139540111,article,Судбина сребра Ужичке републике,Destiny of Silver from the Republic of Užice,,,https://milos-timotijevic.github.io/articles/sudbina-srebra-uzicke-republike.html,article-2018-sudbina-srebra-uzicke-republike,political-rituals-symbolic-politics;war-propaganda-memory,publication_item,checked,2026-06-23,Publication item listed in 2 supplied clusters.
article-2020-nebeski-znaci-zemaljske-prilike-srbija-1941,Q139545635,https://www.wikidata.org/wiki/Q139545635,article,"Небески знаци и земаљске прилике: астрономске појаве, метеоролошке промене и геолошка активност у Србији 1941. године","Celestial Signs and Earth Conditions: Astronomical Phenomena, Meteorological Changes and Geological Activity in Serbia in 1941",,,https://milos-timotijevic.github.io/articles/nebeski-znaci-zemaljske-prilike-srbija-1941.html,article-2020-nebeski-znaci-zemaljske-prilike-srbija-1941,political-rituals-symbolic-politics;war-propaganda-memory,publication_item,checked,2026-07-14,Verified against the dedicated landing page and its bibliographic metadata.
article-2021-borba-protiv-razbojnika-silovatelja-zver-zena-komunisti-okupirana-srbija-1941,Q139549107,https://www.wikidata.org/wiki/Q139549107,article,"Борба против ’разбојника’, ’силоватеља’ и ’звер-жена’: анализа дискурса колаборационистичке штампе о комунистима у окупираној Србији 1941. године","The Struggle Against “Bandits”, “Rapists”, and “Beast-Women”: Collaborationist Press Discourse on Communists in Occupied Serbia in 1941",,,https://milos-timotijevic.github.io/articles/borba-protiv-razbojnika-silovatelja-zver-zena-komunisti-okupirana-srbija-1941.html,article-2021-borba-protiv-razbojnika-silovatelja-zver-zena-komunisti-okupirana-srbija-1941,war-propaganda-memory,publication_item,checked,2026-06-23,Publication item listed in 2 supplied clusters.
article-2021-grad-i-zlocin-kriminal-gradovi-okupirana-srbija-1941,Q139549166,https://www.wikidata.org/wiki/Q139549166,article,Град и злочин: писање колаборационистичке штампе о најтежим криминалним делима у градовима окупиране Србије 1941. године,City and Crime: Collaborationist Press Writing on the Most Serious Criminal Offences in the Cities of Occupied Serbia in 1941,,,https://milos-timotijevic.github.io/articles/grad-i-zlocin-kriminal-gradovi-okupirana-srbija-1941.html,article-2021-grad-i-zlocin-kriminal-gradovi-okupirana-srbija-1941,war-propaganda-memory,publication_item,checked,2026-06-23,Publication item listed in 2 supplied clusters.
article-2021-krv-medju-bracom-kriminal-sela-okupirana-srbija-1941,Q139549372,https://www.wikidata.org/wiki/Q139549372,article,’Крв међу браћом’: писање колаборационистичке штампе о криминалу у селима окупиране Србије 1941. године,“Blood Among Brothers”: Articles in Collaborationist Newspapers on Crime in the Villages of Occupied Serbia in 1941,,,https://milos-timotijevic.github.io/articles/krv-medju-bracom-kriminal-sela-okupirana-srbija-1941.html,article-2021-krv-medju-bracom-kriminal-sela-okupirana-srbija-1941,war-propaganda-memory,publication_item,checked,2026-06-23,Publication item listed in 2 supplied clusters.
article-2024-varalice-dzeparosi-prostitutke-kriminal-okupirana-srbija-1941,Q139549448,https://www.wikidata.org/wiki/Q139549448,article,"Варалице, џепароши и проститутке: дискурс колаборационистичке штампе о ’лакшим’ облицима криминала у градовима окупиране Србије 1941. године","Scammers, Pickpockets and Prostitutes: Discourse of the Collaborationist Press About “Light” Forms of Crime in the Cities of Occupied Serbia in 1941",,,https://milos-timotijevic.github.io/articles/varalice-dzeparosi-prostitutke-kriminal-okupirana-srbija-1941.html,article-2024-varalice-dzeparosi-prostitutke-kriminal-okupirana-srbija-1941,war-propaganda-memory,publication_item,checked,2026-06-23,Publication item listed in 2 supplied clusters.
article-2000-cacak-pod-okupacijom-1941-1944-privreda-drustvo,Q139549522,https://www.wikidata.org/wiki/Q139549522,article,Чачак под окупацијом 1941–1944: привреда и друштво,"Čačak under Occupation, 1941–1944: Economy and Society",,,https://milos-timotijevic.github.io/articles/cacak-pod-okupacijom-1941-1944-privreda-drustvo.html,article-2000-cacak-pod-okupacijom-1941-1944-privreda-drustvo,cacak-local-modernity;war-propaganda-memory,publication_item,checked,2026-07-14,Verified against the dedicated landing page; remains linked to two clusters.
article-2014-suffering-and-rescue-of-jews-in-cacak-and-its-surroundings-1941-1944,Q139550037,https://www.wikidata.org/wiki/Q139550037,article,Страдање и спасавање Јевреја у Чачку и околини 1941–1944. године,"Suffering and Rescue of Jews in Čačak and Its Surroundings, 1941–1944",,,https://milos-timotijevic.github.io/articles/stradanje-spasavanje-jevreja-cacak-1941-1944.html,article-2014-suffering-and-rescue-of-jews-in-cacak-and-its-surroundings-1941-1944,war-propaganda-memory,publication_item,checked,2026-06-23,Publication item listed in supplied cluster data.
article-2019-documents-on-the-suffering-of-jews-in-cacak-1941-1942,Q139550124,https://www.wikidata.org/wiki/Q139550124,article,Документа о страдању Јевреја у Чачку 1941–1942. године,"Documents on the Suffering of Jews in Čačak, 1941–1942",,,,article-2019-documents-on-the-suffering-of-jews-in-cacak-1941-1942,war-propaganda-memory,publication_item,checked,2026-06-23,Publication item listed in supplied cluster data.
article-2005-conflicting-interpretations-of-world-war-ii-in-the-cacak-region,Q139550827,https://www.wikidata.org/wiki/Q139550827,article,Други светски рат у чачанском крају — супротстављена тумачења,The Second World War in the Čačak Region — Conflicting Interpretations,,,,article-2005-conflicting-interpretations-of-world-war-ii-in-the-cacak-region,political-rituals-symbolic-politics;war-propaganda-memory,publication_item,checked,2026-06-23,Publication item listed in 2 supplied clusters.
article-2014-70-years-after-the-victory-over-fascism-in-serbia-1945-2015,Q139550895,https://www.wikidata.org/wiki/Q139550895,article,70 година од победе над фашизмом у Србији (1945–2015),70 Years after the Victory over Fascism in Serbia (1945–2015),,,,article-2014-70-years-after-the-victory-over-fascism-in-serbia-1945-2015,political-rituals-symbolic-politics;war-propaganda-memory,publication_item,checked,2026-06-23,Publication item listed in 2 supplied clusters.
article-1996-the-founding-of-the-museum-in-cacak,Q139553811,https://www.wikidata.org/wiki/Q139553811,article,Оснивање музеја у Чачку,The Founding of the Museum in Čačak,,,https://milos-timotijevic.github.io/articles/osnivanje-muzeja-u-cacku.html,article-1996-the-founding-of-the-museum-in-cacak,cultural-heritage-museums-public-history,publication_item,checked,2026-06-23,Publication item listed in supplied cluster data.
article-2016-history-department-of-the-national-museum-in-cacak-development-and-str,Q139553851,https://www.wikidata.org/wiki/Q139553851,article,Историјско одељење Народног музеја у Чачку: повест баштињења и структура сталне поставке (1953–2006),History Department of the National Museum in Čačak: History of Heritage and Structure of the Permanent Exhibition (1953–2006),,,https://milos-timotijevic.github.io/articles/istorijsko-odeljenje-narodnog-muzeja-cacak-stalna-postavka-1953-2006.html,article-2016-history-department-of-the-national-museum-in-cacak-development-and-str,cultural-heritage-museums-public-history,publication_item,checked,2026-06-23,Publication item listed in supplied cluster data.
article-2024-permanent-museum-exhibition-uprisings-and-wars-1804-1941-in-the-reside,Q139553899,https://www.wikidata.org/wiki/Q139553899,article,Стална музејска поставка „Устанци и ратови 1804–1941” у Конаку Јована Обреновића у Чачку,Permanent Museum Exhibition “Uprisings and Wars 1804–1941” in the Residence of Jovan Obrenović in Čačak,,,https://milos-timotijevic.github.io/articles/stalna-muzejska-postavka-ustanci-ratovi-1804-1941-konak-jovana-obrenovica-cacak.html,article-2024-permanent-museum-exhibition-uprisings-and-wars-1804-1941-in-the-reside,cultural-heritage-museums-public-history;political-rituals-symbolic-politics,publication_item,checked,2026-06-23,Publication item listed in 2 supplied clusters.
article-2000-nazivi-ulica-cacka-1893-1992,Q139555830,https://www.wikidata.org/wiki/Q139555830,article,Називи улица Чачка 1893–1992: један век изграђивања колективног идентитета,"The Street Names of Čačak, 1893–1992: A Century of Constructing Collective Identity",,,https://milos-timotijevic.github.io/articles/nazivi-ulica-cacka-1893-1992.html,article-2000-nazivi-ulica-cacka-1893-1992,cacak-local-modernity;political-rituals-symbolic-politics,publication_item,checked,2026-07-14,Verified against the dedicated landing page; remains linked to two clusters.
article-2009-prvi-gradjanin-male-varosi,Q139555900,https://www.wikidata.org/wiki/Q139555900,article,„Први грађанин мале вароши”: значај председника општине у локалној елити власти током социјализма — пример Чачка,“First Citizen of a Small Town”: The Role of the Municipal President in the Local Power Elite during Socialism — The Case of Čačak,,,https://milos-timotijevic.github.io/articles/prvi-gradjanin-male-varosi.html,article-2009-prvi-gradjanin-male-varosi,cacak-local-modernity,publication_item,checked,2026-07-14,Verified against the dedicated landing page and its bibliographic metadata.
article-2008-u-lavirintu-unutrasnjih-granica,Q139569269,https://www.wikidata.org/wiki/Q139569269,article,У лавиринту унутрашњих граница: положај Чачка у територијалној подели Србије 1804–2009. године,"In the Labyrinth within Internal Boundaries: Location of Čačak in the Territorial Division of Serbia, 1804–2009",,,https://milos-timotijevic.github.io/articles/u-lavirintu-unutrasnjih-granica.html,article-2008-u-lavirintu-unutrasnjih-granica,cacak-local-modernity;culture-nationalism-symbolic-representation,publication_item,checked,2026-07-14,Verified against the dedicated landing page; remains linked to two clusters.
article-2013-spomen-kosturnica-centralni-trg-cacak-1945-1955,Q139569304,https://www.wikidata.org/wiki/Q139569304,article,"„Иако телесно ви нисте живи, ви зрачите на нас као жива бића”: изградња спомен-костурнице и обликовање Централног трга у Чачку 1945–1955.","“Although You Are Not Physically Alive, You Radiate Upon Us Like Living Beings”: The Construction of the Memorial Ossuary and the Shaping of the Central Square in Čačak, 1945–1955",,,https://milos-timotijevic.github.io/articles/spomen-kosturnica-centralni-trg-cacak-1945-1955.html,article-2013-spomen-kosturnica-centralni-trg-cacak-1945-1955,cacak-local-modernity;political-rituals-symbolic-politics,publication_item,checked,2026-07-14,Verified against the dedicated landing page and its bibliographic metadata.
conference_paper-2015-takovo-ravna-gora-staro-novo-mitsko-mesto,Q139586524,https://www.wikidata.org/wiki/Q139586524,conference_paper,Таково и Равна Гора: „старо” и „ново” митско место,Takovo and Ravna Gora: The “Old” and the “New” Mythic Site,,,,conference_paper-2015-takovo-ravna-gora-staro-novo-mitsko-mesto,political-rituals-symbolic-politics;war-propaganda-memory,publication_item,checked,2026-06-23,Publication item listed in supplied cluster data.
article-2012-patriotic-and-real-area-region-of-mountain-rudnik-in-the-kingdom-of-yu,Q139587924,https://www.wikidata.org/wiki/Q139587924,article,„Патриотски” и „реалан” простор: подручје планине Рудник у Краљевини Југославији (1918–1941),‘Patriotic’ and ‘Real’ Area: Region of Mountain Rudnik in the Kingdom of Yugoslavia (1918–1941),,,,article-2012-patriotic-and-real-area-region-of-mountain-rudnik-in-the-kingdom-of-yu,political-rituals-symbolic-politics,publication_item,checked,2026-06-23,Publication item listed in supplied cluster data.
article-2004-fight-among-traditions-street-names-in-cacak-1893-2005,Q139588044,https://www.wikidata.org/wiki/Q139588044,article,Борба традиција: називи улица у Чачку 1893–2005,Fight among Traditions: Street Names in Čačak 1893–2005,,,,article-2004-fight-among-traditions-street-names-in-cacak-1893-2005,cacak-local-modernity,publication_item,checked,2026-06-23,Publication item listed in supplied cluster data.
article-1999-cacak-predvecerje-drugog-svetskog-rata-1938-1941,Q139588128,https://www.wikidata.org/wiki/Q139588128,article,"Чачак у предвечерје Другог светског рата 1938–1941: социјална, економска и политичка структура","Čačak on the Eve of the Second World War, 1938–1941: Social, Economic, and Political Structure",,,https://milos-timotijevic.github.io/articles/cacak-predvecerje-drugog-svetskog-rata-1938-1941.html,article-1999-cacak-predvecerje-drugog-svetskog-rata-1938-1941,cacak-local-modernity,publication_item,checked,2026-07-14,Verified against the dedicated landing page and its bibliographic metadata.
article-2010-industrijalizacija-cacka-1944-1956,Q139588535,https://www.wikidata.org/wiki/Q139588535,article,Индустријализација Чачка 1944–1956,Industrialization of Čačak 1944–1956,,,https://milos-timotijevic.github.io/articles/industrijalizacija-cacka-1944-1956.html,article-2010-industrijalizacija-cacka-1944-1956,cacak-local-modernity,publication_item,checked,2026-06-23,Publication item listed in supplied cluster data.
article-1997-opstinska-vlast-cacak-izmedju-dva-rata,Q139592921,https://www.wikidata.org/wiki/Q139592921,article,Општинска власт у Чачку између два светска рата,Municipal Government in Čačak between the Two World Wars,,,https://milos-timotijevic.github.io/articles/opstinska-vlast-cacak-izmedju-dva-rata.html,article-1997-opstinska-vlast-cacak-izmedju-dva-rata,cacak-local-modernity,publication_item,checked,2026-07-14,Verified against the dedicated landing page and its bibliographic metadata.
article-2009-predsednici-opstine-cacak-1944-2010,Q139593166,https://www.wikidata.org/wiki/Q139593166,article,Председници општине Чачак (1944–2010),Presidents of the Municipality of Čačak (1944–2010),,,https://milos-timotijevic.github.io/articles/predsednici-opstine-cacak-1944-2010.html,article-2009-predsednici-opstine-cacak-1944-2010,cacak-local-modernity,publication_item,checked,2026-07-14,Verified against the dedicated landing page and its bibliographic metadata.
article-2011-serbian-cultural-club-and-general-milan-nedic-a-document-on-private-in,Q139593251,https://www.wikidata.org/wiki/Q139593251,article,Српски културни клуб и генерал Милан Недић: један документ о „приватној” иницијативи у обавештајној делатности на почетку Другог светског рата (1939),Serbian Cultural Club and General Milan Nedić: A Document on “Private” Initiative in Intelligence Activities at the Beginning of the Second World War (1939),,,,article-2011-serbian-cultural-club-and-general-milan-nedic-a-document-on-private-in,political-rituals-symbolic-politics,publication_item,checked,2026-06-23,Publication item listed in supplied cluster data.
article-2026-heroization-of-the-painter-nadezda-petrovic-1915-1941,Q139593533,https://www.wikidata.org/wiki/Q139593533,article,Хероизација сликарке Надежде Петровић (1915–1941),Heroization of the Painter Nadežda Petrović (1915–1941),,,https://milos-timotijevic.github.io/articles/heroizacija-nadezde-petrovic.html,article-2026-heroization-of-the-painter-nadezda-petrovic-1915-1941,political-rituals-symbolic-politics;culture-nationalism-symbolic-representation,publication_item,checked,2026-06-23,Publication item listed in supplied cluster data.
article-2002-creation-of-the-serbian-holy-mountain-ovcar-kablar-monasteries-from-th,Q139600895,https://www.wikidata.org/wiki/Q139600895,article,Стварање Српске свете горе: Овчарско-кабларски манастири од XIV до краја XX века,Creation of the Serbian Holy Mountain: Ovčar-Kablar Monasteries from the 14th to the Late 20th Century,,,,article-2002-creation-of-the-serbian-holy-mountain-ovcar-kablar-monasteries-from-th,cacak-local-modernity,publication_item,checked,2026-06-23,Publication item listed in supplied cluster data.
article-2003-monastery-of-the-annunciation-blagovestenje-ovcar-kablar,Q139601363,https://www.wikidata.org/wiki/Q139601363,article,Манастир Благовештење,"Monastery of the Annunciation (Blagoveštenje, Ovčar-Kablar)",,,,article-2003-monastery-of-the-annunciation-blagovestenje-ovcar-kablar,cultural-heritage-museums-public-history,publication_item,checked,2026-06-23,Publication item listed in supplied cluster data.
article-2026-jugoslovensko-opredeljenje-nadezde-petrovic-kultura-modernizam-konstrukcija-identiteta,Q140353418,https://www.wikidata.org/wiki/Q140353418,article,"Југословенско опредељење Надежде Петровић: култура, модернизам и конструкција идентитета","The Yugoslav Orientation of Nadežda Petrović: Culture, Modernism, and the Construction of Identity",,,https://milos-timotijevic.github.io/articles/jugoslovensko-opredeljenje-nadezde-petrovic-kultura-modernizam-konstrukcija-identiteta.html,article-2026-jugoslovensko-opredeljenje-nadezde-petrovic-kultura-modernizam-konstrukcija-identiteta,culture-nationalism-symbolic-representation;national-ideology-intellectual-debates,publication_item,checked,,Added from the current publications table.
conference_paper-2024-elektrifikacija-srbije-posle-1945-hidroelektrane-ovcarsko-kablarska-klisura,Q140917822,https://www.wikidata.org/wiki/Q140917822,conference_paper,Електрификација Србије после 1945. и подизање хидроелектрана у Овчарско-кабларској клисури,Electrification of Serbia After 1945 and the Construction of Hydroelectric Power Plants in the Ovčar-Kablar Gorge,,,https://milos-timotijevic.github.io/conference-papers/elektrifikacija-srbije-posle-1945-hidroelektrane-ovcarsko-kablarska-klisura.html,conference_paper-2024-elektrifikacija-srbije-posle-1945-hidroelektrane-ovcarsko-kablarska-klisura,cacak-local-modernity,publication_item,checked,,Added from the current publications table.
conference_paper-2025-osnivanje-rad-preduzeca-sloboda-cacak-1948-1958,Q140918531,https://www.wikidata.org/wiki/Q140918531,conference_paper,Оснивање и рад предузећа „Слобода – Чачак” 1948–1958.,"Foundation and Operation of the “Sloboda – Čačak” Enterprise, 1948–1958",,,https://milos-timotijevic.github.io/conference-papers/osnivanje-rad-preduzeca-sloboda-cacak-1948-1958.html,conference_paper-2025-osnivanje-rad-preduzeca-sloboda-cacak-1948-1958,cacak-local-modernity,publication_item,checked,,Added from the current publications table.
book-2026-usklici-iskrenog-odusevljenja,Q141239391,https://www.wikidata.org/wiki/Q141239391,book,Усклици искреног одушевљења: ефемерни спектакл и путовање краља Александра и краљице Драге Обреновић по Србији 1901. године,Exclamations of Sincere Enthusiasm: The Ephemeral Spectacle and the Journey of King Alexander and Queen Draga Obrenović in 1901,,,https://milos-timotijevic.github.io/books/usklici-iskrenog-odusevljenja.html,book-2026-usklici-iskrenog-odusevljenja,political-rituals-symbolic-politics,publication_item,checked,,Added from the current publications table.
book-2014-ravna-gora,Q139175311,https://www.wikidata.org/wiki/Q139175311,book,Равна гора,Ravna gora,,,https://milos-timotijevic.github.io/books/ravna-gora.html,book-2014-ravna-gora,political-rituals-symbolic-politics,publication_item,checked,2026-09-01,2014 edition item used in publications.csv; related work item Q139174504 is documented on the landing page.
